ID,Type,SKU,"GTIN, UPC, EAN, or ISBN",Name,Published,"Is featured?","Visibility in catalogue","Short description",Description,"Date sale price starts","Date sale price ends","Tax status","Tax class","In stock?",Stock,"Low stock amount","Backorders allowed?","Sold individually?","Weight (lbs)","Length (in)","Width (in)","Height (in)","Allow customer reviews?","Purchase note","Sale price","Regular price",Categories,Tags,"Shipping class",Images,"Download limit","Download expiry days",Parent,"Grouped products",Upsells,Cross-sells,"External URL","Button text",Position,Brands,"Meta: watch_subtitle","Meta: _watch_subtitle","Meta: ref_no","Meta: _ref_no","Meta: code","Meta: _code","Meta: type","Meta: _type","Meta: new_or_pre-owned","Meta: _new_or_pre-owned","Meta: condition","Meta: _condition","Meta: box","Meta: _box","Meta: paper","Meta: _paper","Meta: gender","Meta: _gender","Meta: location","Meta: _location","Meta: year","Meta: _year","Meta: delivery_time","Meta: _delivery_time","Meta: price_negotiable","Meta: _price_negotiable","Meta: movement","Meta: _movement","Meta: movement_caliber","Meta: _movement_caliber","Meta: power_reserve","Meta: _power_reserve","Meta: number_of_jewels","Meta: _number_of_jewels","Meta: bracelet_material","Meta: _bracelet_material","Meta: bracelet_color","Meta: _bracelet_color","Meta: bracelet_length","Meta: _bracelet_length","Meta: clasp","Meta: _clasp","Meta: clasp_material","Meta: _clasp_material","Meta: case_material","Meta: _case_material","Meta: case_diameter","Meta: _case_diameter","Meta: waterproof","Meta: _waterproof","Meta: material_bezel","Meta: _material_bezel","Meta: glass","Meta: _glass","Meta: dial","Meta: _dial","Meta: dial_numerals","Meta: _dial_numerals","Meta: functions_description","Meta: _functions_description","Meta: others_description","Meta: _others_description","Meta: _yoast_wpseo_primary_product_cat","Meta: _yoast_wpseo_content_score","Meta: fb_product_group_id","Meta: _woosea_brand","Meta: _woosea_mpn","Meta: _woosea_upc","Meta: _woosea_ean","Meta: _woosea_gtin","Meta: _woosea_color","Meta: _woosea_size","Meta: _woosea_gender","Meta: _woosea_material","Meta: _woosea_pattern","Meta: _woosea_optimized_title","Meta: _woosea_unit_pricing_measure","Meta: _woosea_unit_pricing_base_measure","Meta: _woosea_condition","Meta: _woosea_age_group","Meta: _woosea_installment_months","Meta: _woosea_installment_amount","Meta: _woosea_exclude_product","Meta: _woosea_cost_of_good_sold","Meta: _woosea_multipack","Meta: _woosea_is_bundle","Meta: _woosea_energy_efficiency_class","Meta: _woosea_min_energy_efficiency_class","Meta: _woosea_max_energy_efficiency_class","Meta: _woosea_is_promotion","Meta: _woosea_custom_field_0","Meta: _woosea_custom_field_1","Meta: _woosea_custom_field_2","Meta: _woosea_custom_field_3","Meta: _woosea_custom_field_4","Meta: _wc_facebook_sync_enabled","Meta: fb_visibility","Meta: fb_product_description","Meta: _wc_facebook_product_image_source","Meta: _wc_facebook_enhanced_catalog_attributes_gender","Meta: _wc_facebook_enhanced_catalog_attributes_style","Meta: _wc_facebook_enhanced_catalog_attributes_age_group","Meta: _wc_facebook_enhanced_catalog_attributes_color","Meta: _wc_facebook_enhanced_catalog_attributes_material","Meta: _wc_facebook_enhanced_catalog_attributes_pattern","Meta: _wc_facebook_enhanced_catalog_attributes_plating_material","Meta: _wc_facebook_enhanced_catalog_attributes_power_type","Meta: _wc_facebook_enhanced_catalog_attributes_size","Meta: _wc_facebook_enhanced_catalog_attributes_standard_features","Meta: _wc_facebook_enhanced_catalog_attributes_watch_band_length","Meta: _wc_facebook_enhanced_catalog_attributes_total_gemstone_weight","Meta: _wc_facebook_enhanced_catalog_attributes_watch_band_material","Meta: _wc_facebook_enhanced_catalog_attributes_watch_band_width","Meta: _wc_facebook_enhanced_catalog_attributes_watch_case_diameter","Meta: _wc_facebook_enhanced_catalog_attributes_watch_case_shape","Meta: _wc_facebook_enhanced_catalog_attributes_watch_case_thickness","Meta: _wc_facebook_enhanced_catalog_attributes_metal_stamp_or_purity","Meta: _wc_facebook_enhanced_catalog_attributes_activity","Meta: _wc_facebook_enhanced_catalog_attributes_additional_features","Meta: _wc_facebook_enhanced_catalog_attributes_gemstone_width","Meta: _wc_facebook_enhanced_catalog_attributes_gemstone_weight","Meta: _wc_facebook_enhanced_catalog_attributes_gemstone_treatment","Meta: _wc_facebook_enhanced_catalog_attributes_gemstone_length","Meta: _wc_facebook_enhanced_catalog_attributes_gemstone_height","Meta: _wc_facebook_enhanced_catalog_attributes_gemstone_cut","Meta: _wc_facebook_enhanced_catalog_attributes_gemstone_creation_method","Meta: _wc_facebook_enhanced_catalog_attributes_gemstone_color","Meta: _wc_facebook_enhanced_catalog_attributes_gemstone_clarity","Meta: _wc_facebook_enhanced_catalog_attributes_gemstone","Meta: _wc_facebook_enhanced_catalog_attributes_display_technology","Meta: _wc_facebook_enhanced_catalog_attributes_brand","Meta: _wc_facebook_enhanced_catalog_attributes_battery_life","Meta: _wc_facebook_enhanced_catalog_attributes_watch_movement_type","Meta: _wc_facebook_commerce_enabled","Meta: fb_product_item_id","Meta: _yoast_wpseo_estimated-reading-time-minutes","Meta: _last_editor_used_jetpack","Meta: _aioseo_og_article_section","Meta: om_disable_all_campaigns","Meta: _yoast_wpseo_primary_fb_product_set","Meta: _monsterinsights_sitenote_active","Meta: _uf_disable_surveys","Meta: _yoast_wpseo_primary_product_brand","Meta: _aioseo_keywords","Meta: _aioseo_og_article_tags","Meta: _yoast_wpseo_metadesc","Meta: metal","Meta: _metal","Meta: stones","Meta: _stones","Meta: sex","Meta: _sex","Meta: _wp_old_date"
1174,simple,,,"Cintree Curvex",1,0,visible,,"Franck Muller Cintree Curvex Limited Edition-\n\nRef: 6850 QPE\n\n34mm Rose gold case and buckle on a Brown Leather Strap\n\nComplications include; Chronograph, Moonphase, Perpetual Calendar, Date, Day of week, Retrograde Month indicator and Years.\n\nBox and Papers\n\n1 year Pacha of London warranty and Free insurance valuation certificate\n\n&nbsp;",,,taxable,,1,,,0,0,,,,,1,,,19950,"Watches > Franck Muller",,,"https://pachaoflondon.com/wp-content/uploads/2017/08/C7376A17-25C8-43C7-BB0E-7415E11EE8EB.jpg, https://pachaoflondon.com/wp-content/uploads/2017/08/C7376A17-25C8-43C7-BB0E-7415E11EE8EB.jpg, https://pachaoflondon.com/wp-content/uploads/2017/08/thumbnail_1442B6C3-8178-4AAC-B07D-04885822DF73.jpg, https://pachaoflondon.com/wp-content/uploads/2017/08/thumbnail_1134853E-66EC-4240-88BF-89AA498DE683.jpg, https://pachaoflondon.com/wp-content/uploads/2017/08/thumbnail_CDEA9BBB-48E8-4FC2-8F96-EF1BBF3381A3.jpg, https://pachaoflondon.com/wp-content/uploads/2017/08/thumbnail_50C21E1C-065F-4D32-9F5D-472A7A724CA2.jpg, https://pachaoflondon.com/wp-content/uploads/2017/08/EA424DD9-27F7-4344-B0E9-1254130AE6C2.jpg",,,,,,,,,0,,"34mm, 18k Rose Gold, Brown Leather Strap, Moonphase, Perpetual calendar ",field_586a50d32fdc2,"6850 QPE",field_586bc3c6214bc,,field_586bc3e2214bd,Watch,field_58752651bb382,Pre-owned,field_587526d8bb384,"0 (new/unworn)",field_586bc400214be,Yes,field_5873b9289d99a,Yes,field_5873b92d9d99b,Men’s,field_586bc406214bf,London,field_586bc413214c0,,field_586bb3707b79a,Immediately,field_5873b849ba10d,,field_587526abbb383,Automatic,field_586bc437214c2,,field_5873d1f749c2b,,field_5873d20849c2c,,field_5873d21249c2d,Leather,field_586bc452214c4,Black,field_586bc45d214c5,,field_586bc469214c6,Buckle,field_586bc477214c7,"Pink Gold",field_586bc488214c8,"Pink gold",field_586bc49b214ca,34,field_586b745e69a7d,,field_586bc4ad214cb,"Pink Gold",field_586bc4b5214cc,"Sapphire Glass",field_586bc4c4214cd,White,field_586bc4ce214ce,,field_5873d2a341247,,field_586bc4dd214d0,,field_586bc4f2214d2,20,90,3185152408251511,,,,,,,,,,,,,,,,,,no,,,,,,,,,,,,,yes,yes,,product,,,,,,,,,,,,,,,,,,,,,,,,,,,,,,,,,,,no,3185152481584837,1,classic-editor,,,,0,,,,,,,,,,,
1498,simple,,,"Ballon Bleu",1,0,visible,,"Cartier Ballon Bleu\n\nRef: W6920075\n\n44mm Case Steel and Rose gold, large\n\nChronograph Movement.\n\nDated 2012 complete Box and Papers\n\n1 year Pacha Of London Warranty and Free insurance valuation certification\n\n&nbsp;\n\n&nbsp;",,,taxable,,1,,,0,0,,,,,1,,,7950,Cartier,,,"https://pachaoflondon.com/wp-content/uploads/2017/11/F5761C30-F195-405D-B8D3-F0F53E1742B9.jpg, https://pachaoflondon.com/wp-content/uploads/2017/11/F5761C30-F195-405D-B8D3-F0F53E1742B9.jpg, https://pachaoflondon.com/wp-content/uploads/2017/11/ballon-front-side-scaled.jpg, https://pachaoflondon.com/wp-content/uploads/2017/11/ballon-side-scaled.jpg, https://pachaoflondon.com/wp-content/uploads/2017/11/ballon-back-scaled.jpg",,,,,,,,,0,,"44mm Steel and Rose Gold Automatic Chronograph",field_586a50d32fdc2,W6920075,field_586bc3c6214bc,,field_586bc3e2214bd,Watch,field_58752651bb382,Pre-owned,field_587526d8bb384,"1 (mint)",field_586bc400214be,Yes,field_5873b9289d99a,Yes,field_5873b92d9d99b,Men’s,field_586bc406214bf,London,field_586bc413214c0,2012,field_586bb3707b79a,Immediately,field_5873b849ba10d,,field_587526abbb383,Automatic,field_586bc437214c2,,field_5873d1f749c2b,,field_5873d20849c2c,,field_5873d21249c2d,Gold/Steel,field_586bc452214c4,Gold/Steel,field_586bc45d214c5,,field_586bc469214c6,"Double-fold clasp",field_586bc477214c7,,field_586bc488214c8,Gold/Steel,field_586bc49b214ca,44,field_586b745e69a7d,,field_586bc4ad214cb,,field_586bc4b5214cc,,field_586bc4c4214cd,,field_586bc4ce214ce,,field_5873d2a341247,,field_586bc4dd214d0,,field_586bc4f2214d2,12,90,3922633024422641,,,,,,,,,,,,,,,,,,no,,,,,,,,,,,,,yes,yes,,product,,,,,,,,,,,,,,,,,,,,,,,,,,,,,,,,,,,no,3922633167755960,1,classic-editor,,,,0,,,,,,,,,,,
3516,simple,,,Ingenieur,1,0,visible,,"IWC Ingenieur Perpetual Calendar Digital Date-Month - iw379201\n\n46mm Titanium case surrounding a Black Dial on Black leather Strap\n\nPerpetual calendar and Chronograph.\n\nThis timepiece has been serviced and comes with the original box, Pacha Of London warranty and Free insurance valuation certification",,,taxable,,1,,,0,0,,,,,1,,,17000,Iwc,,,"https://pachaoflondon.com/wp-content/uploads/2021/05/Photoroom_20251027_145845.jpg, https://pachaoflondon.com/wp-content/uploads/2021/05/Photoroom_20251027_145845.jpg, https://pachaoflondon.com/wp-content/uploads/2021/05/Photoroom_20241219_164646.jpg, https://pachaoflondon.com/wp-content/uploads/2021/05/thumbnail_3ED600A3-3690-4C00-8940-3C911FAE3FB4.jpg, https://pachaoflondon.com/wp-content/uploads/2021/05/thumbnail_953A532E-8CD6-40F3-8E3C-E72E30D3CB19.jpg, https://pachaoflondon.com/wp-content/uploads/2021/05/thumbnail_0E98BB2F-4B2F-47EF-96A9-234A9F30B27E.jpg",,,,,,,,,0,,"46mm Titanium case surrounding a Black Dial on Black leather Strap",field_586a50d32fdc2,IW379201,field_586bc3c6214bc,,field_586bc3e2214bd,Watch,field_58752651bb382,Pre-owned,field_587526d8bb384,"1 (mint)",field_586bc400214be,Yes,field_5873b9289d99a,Yes,field_5873b92d9d99b,Men’s,field_586bc406214bf,London,field_586bc413214c0,2014,field_586bb3707b79a,Immediately,field_5873b849ba10d,,field_587526abbb383,Automatic,field_586bc437214c2,,field_5873d1f749c2b,,field_5873d20849c2c,,field_5873d21249c2d,Leather,field_586bc452214c4,Black,field_586bc45d214c5,,field_586bc469214c6,Buckle,field_586bc477214c7,Titanium,field_586bc488214c8,Titanium,field_586bc49b214ca,46,field_586b745e69a7d,,field_586bc4ad214cb,Titanium,field_586bc4b5214cc,"Sapphire Glass",field_586bc4c4214cd,Black,field_586bc4ce214ce,"No numerals",field_5873d2a341247,,field_586bc4dd214d0,,field_586bc4f2214d2,17,90,3719907678131366,,,,,,,,,,,,,,,,,,no,,,,,,,,,,,,,yes,yes,,product,,,,,,,,,,,,,,,,,,,,,,,,,,,,,,,,,,,no,3719907704798030,1,classic-editor,,,,0,,,,,,,,,,,
3531,simple,,,Portofino,1,0,visible,,"Discontinued IWC Portofino\n\nRef: IW353314\n\n38mm case size\n\nYellow gold case featuring a black baton dial.\n\nBrown leather strap with a yellow gold buckle\n\nThis timepiece comes with a Travel Box ,1 year Pacha of London Warranty and Free insurance valuation certificate\n\n&nbsp;\n\n&nbsp;",,,taxable,,1,,,0,0,,,,,1,,,5950,Iwc,,,"https://pachaoflondon.com/wp-content/uploads/2021/05/61ECD3B9-5627-4E13-A2D6-D93A9F136868.jpg, https://pachaoflondon.com/wp-content/uploads/2021/05/61ECD3B9-5627-4E13-A2D6-D93A9F136868.jpg, https://pachaoflondon.com/wp-content/uploads/2021/05/thumbnail_49652B40-4B55-433D-9E9A-6E8E69AE21DD-1.jpg, https://pachaoflondon.com/wp-content/uploads/2021/05/thumbnail_26686CA9-3263-469D-B65A-5780737D9959.jpg, https://pachaoflondon.com/wp-content/uploads/2021/05/thumbnail_7C2F0573-400B-4808-86A3-B105ADE42EAD.jpg, https://pachaoflondon.com/wp-content/uploads/2021/05/thumbnail_4ADBF013-BD50-4712-98CC-E4188FE63AC2.jpg",,,,,,,,,0,,"38mm, 18k Yellow Gold, brown Leather strap, automatic ",field_586a50d32fdc2,IW353314,field_586bc3c6214bc,,field_586bc3e2214bd,Watch,field_58752651bb382,Pre-owned,field_587526d8bb384,"1 (mint)",field_586bc400214be,No,field_5873b9289d99a,No,field_5873b92d9d99b,Men’s,field_586bc406214bf,London,field_586bc413214c0,,field_586bb3707b79a,Immediately,field_5873b849ba10d,,field_587526abbb383,Automatic,field_586bc437214c2,,field_5873d1f749c2b,,field_5873d20849c2c,,field_5873d21249c2d,Leather,field_586bc452214c4,Brown,field_586bc45d214c5,,field_586bc469214c6,Buckle,field_586bc477214c7,"Yellow Gold",field_586bc488214c8,"Yellow gold",field_586bc49b214ca,38,field_586b745e69a7d,,field_586bc4ad214cb,"Yellow Gold",field_586bc4b5214cc,Glass,field_586bc4c4214cd,Black,field_586bc4ce214ce,"No numerals",field_5873d2a341247,,field_586bc4dd214d0,,field_586bc4f2214d2,17,90,5453022834767779,,,,,,,,,,,,,,,,,,no,,,,,,,,,,,,,yes,yes,,product,,,,,,,,,,,,,,,,,,,,,,,,,,,,,,,,,,,no,5453022878101108,1,classic-editor,,,,0,,,,,"Iwc- Portofino-18k yellow gold-38mm-Ref: IW353314-Available immediately, Knightsbridge-London",,,,,,
3550,simple,,,Portofino,1,0,visible,,"IWC Portofino Automatic.\n\nRef: IW356405.\n\n34mm case size.\n\nStainless Steel with a Blue Dial on a Black leather Strap.\n\n1 year Pacha of London Warranty, Box and Free insurance valuation certificate.\n\n&nbsp;\n\n&nbsp;",,,taxable,,1,,,0,0,,,,,1,,,1950,Iwc,,,"https://pachaoflondon.com/wp-content/uploads/2021/05/Photoroom_20250226_151631.jpg, https://pachaoflondon.com/wp-content/uploads/2021/05/Photoroom_20250226_151631.jpg, https://pachaoflondon.com/wp-content/uploads/2021/05/thumbnail_8A777A94-7AD9-4C7C-97BC-6D23C96C00B5.jpg, https://pachaoflondon.com/wp-content/uploads/2021/05/thumbnail_B13887CF-46DA-4EC3-B754-876447C766E0.jpg, https://pachaoflondon.com/wp-content/uploads/2021/05/thumbnail_BBCF919A-A2D6-46E0-803F-7D26D89E97B5.jpg, https://pachaoflondon.com/wp-content/uploads/2021/05/thumbnail_15CBFC9F-2747-4F1F-A940-5464324DA201.jpg",,,,,,,,,0,,"34mm Stainless Steel with a Blue dial on a Black Leather Strap",field_586a50d32fdc2,IW356405,field_586bc3c6214bc,,field_586bc3e2214bd,Watch,field_58752651bb382,Pre-owned,field_587526d8bb384,"1 (mint)",field_586bc400214be,No,field_5873b9289d99a,No,field_5873b92d9d99b,Men’s,field_586bc406214bf,London,field_586bc413214c0,,field_586bb3707b79a,Immediately,field_5873b849ba10d,,field_587526abbb383,Automatic,field_586bc437214c2,,field_5873d1f749c2b,,field_5873d20849c2c,,field_5873d21249c2d,Steel,field_586bc452214c4,Blue,field_586bc45d214c5,,field_586bc469214c6,"Fold clasp",field_586bc477214c7,"Stainless Steel",field_586bc488214c8,Steel,field_586bc49b214ca,34,field_586b745e69a7d,,field_586bc4ad214cb,"Stainless Steel",field_586bc4b5214cc,"Sapphire Glass",field_586bc4c4214cd,Blue,field_586bc4ce214ce,,field_5873d2a341247,,field_586bc4dd214d0,,field_586bc4f2214d2,17,90,3905466929566045,,,,,,,,,,,,,,,,,,no,,,,,,,,,,,,,yes,yes,,product,,,,,,,,,,,,,,,,,,,,,,,,,,,,,,,,,,,no,3905466962899375,1,classic-editor,,,,0,,,,,,,,,,,
3571,simple,,,"Gondolo 5500J",1,0,visible,,"Patek Philippe Gondolo Pagoda\n\nRef: 5500J\n\n1997 Edition, limited to 2000 pieces\n\n41mm case size\n\n18k Yellow Gold\n\nBlack Leather Strap with 18k yellow gold Buckle\n\nPatek Philippe Service Papers\n\n1 Year Pacha of London Warranty",,,taxable,,1,,,0,0,,,,,1,,,18000,"Patek Philippe",,,"https://pachaoflondon.com/wp-content/uploads/2021/05/D9006C70-B004-4D08-846D-3D3CD6263B28.jpeg, https://pachaoflondon.com/wp-content/uploads/2021/05/D9006C70-B004-4D08-846D-3D3CD6263B28.jpeg, https://pachaoflondon.com/wp-content/uploads/2021/05/thumbnail_EFB0F827-6EF5-4116-A865-43C2B7EF9828.jpg, https://pachaoflondon.com/wp-content/uploads/2021/05/thumbnail_346B6545-0AD4-4F51-8505-9FE37764F149.jpg, https://pachaoflondon.com/wp-content/uploads/2021/05/thumbnail_9532D128-AA0F-475A-9927-2BFBDACB1BE2.jpg",,,,,,,,,0,,"Gondolo Pagoda, 5500J, 1997 Edition limited to 2000 pieces, 41mm,  18k Yellow Gold, Black Leather Strap",field_586a50d32fdc2,5500J,field_586bc3c6214bc,,field_586bc3e2214bd,Watch,field_58752651bb382,Pre-owned,field_587526d8bb384,"1 (mint)",field_586bc400214be,,field_5873b9289d99a,,field_5873b92d9d99b,Men’s,field_586bc406214bf,London,field_586bc413214c0,1997,field_586bb3707b79a,Immediately,field_5873b849ba10d,,field_587526abbb383,"Manual winding",field_586bc437214c2,,field_5873d1f749c2b,,field_5873d20849c2c,,field_5873d21249c2d,Leather,field_586bc452214c4,Black,field_586bc45d214c5,,field_586bc469214c6,Buckle,field_586bc477214c7,,field_586bc488214c8,"Yellow gold",field_586bc49b214ca,41,field_586b745e69a7d,,field_586bc4ad214cb,,field_586bc4b5214cc,"Sapphire Glass",field_586bc4c4214cd,,field_586bc4ce214ce,,field_5873d2a341247,,field_586bc4dd214d0,,field_586bc4f2214d2,10,90,5488802211190542,,,,,,,,,,,,,,,,,,no,,,,,,,,,,,,,yes,yes,,product,,,,,,,,,,,,,,,,,,,,,,,,,,,,,,,,,,,no,5488802301190533,1,classic-editor,,,,0,,,,,"Patek Philippe-Gondola pagoda-18k yellow gold case on leather-1997 model-Available immediately-Location: Knightsbridge",,,,,,
3584,simple,,,"Big Bang King Limited Edition",1,0,visible,,"Hublot Big Bang King Limited Edition\n\nRef:322.ck.1140.rx\n\nDiamonds and gemstone baguette and tapered baguette Stones\n\n48mm Black Dial on a Black Rubber strap\n\n1 year Pacha of London Warranty, Box and Free insurance Valuation Certification included\n\n&nbsp;",,,taxable,,1,,,0,0,,,,,1,,,18000,Hublot,,,"https://pachaoflondon.com/wp-content/uploads/2021/06/Photoroom_20250221_130808.jpg, https://pachaoflondon.com/wp-content/uploads/2021/06/Photoroom_20250221_130808.jpg, https://pachaoflondon.com/wp-content/uploads/2021/06/Hublot-Geneve-Big-Bang-King-Green-side-1-1-scaled.jpg, https://pachaoflondon.com/wp-content/uploads/2021/06/Hublot-Geneve-Big-Bang-King-Green-back-1-scaled.jpg, https://pachaoflondon.com/wp-content/uploads/2021/06/Hublot-Geneve-Big-Bang-King-Green-side-2-1-scaled.jpg",,,,,,,,,0,,"48mm, Big bang king,  Limited Edition, Diamonds and gemstones ",field_586a50d32fdc2,322.ck.1140.rx,field_586bc3c6214bc,,field_586bc3e2214bd,Watch,field_58752651bb382,Pre-owned,field_587526d8bb384,"1 (mint)",field_586bc400214be,Yes,field_5873b9289d99a,No,field_5873b92d9d99b,Men’s,field_586bc406214bf,London,field_586bc413214c0,,field_586bb3707b79a,Immediately,field_5873b849ba10d,,field_587526abbb383,Automatic,field_586bc437214c2,,field_5873d1f749c2b,,field_5873d20849c2c,,field_5873d21249c2d,Rubber,field_586bc452214c4,Black,field_586bc45d214c5,,field_586bc469214c6,"Double-fold clasp",field_586bc477214c7,,field_586bc488214c8,Ceramic,field_586bc49b214ca,48,field_586b745e69a7d,,field_586bc4ad214cb,,field_586bc4b5214cc,"Sapphire Glass",field_586bc4c4214cd,Black,field_586bc4ce214ce,"Roman numerals",field_5873d2a341247,,field_586bc4dd214d0,,field_586bc4f2214d2,14,90,3920268401423066,,,,,,,,,,,,,,,,,,no,,,,,,,,,,,,,yes,yes,,product,,,,,,,,,,,,,,,,,,,,,,,,,,,,,,,,,,,no,3920268438089729,1,classic-editor,,,,0,,,,,,,,,,,
3633,simple,,,Promesse,1,0,visible,,"Audemars Piguet, Promesse\n\nRef:67405BC.ZZ.1181BC.04\n\nWhite Gold with diamonds\n\nQuartz movement\n\n1 year Pacha of London warranty",,,taxable,,1,,,0,0,,,,,1,,,15450,"Audemars Piguet",,,"https://pachaoflondon.com/wp-content/uploads/2021/06/84AE8CD1-9083-4703-9596-E3F2A9884F3B.jpeg, https://pachaoflondon.com/wp-content/uploads/2021/06/84AE8CD1-9083-4703-9596-E3F2A9884F3B.jpeg, https://pachaoflondon.com/wp-content/uploads/2021/06/AP-Promesse-factory-diamonds-Front-side-1-scaled.jpg, https://pachaoflondon.com/wp-content/uploads/2021/06/AP-Promesse-factory-diamonds-side-1-scaled.jpg, https://pachaoflondon.com/wp-content/uploads/2021/06/AP-Promesse-factory-diamonds-back-1-scaled.jpg",,,,,,,,,0,,"White Gold Factory diamond set Promesse mini on a White Gold Bracelet",field_586a50d32fdc2,67405BC.ZZ.1181BC.04,field_586bc3c6214bc,,field_586bc3e2214bd,Watch,field_58752651bb382,Pre-owned,field_587526d8bb384,"1 (mint)",field_586bc400214be,No,field_5873b9289d99a,No,field_5873b92d9d99b,Women’s,field_586bc406214bf,London,field_586bc413214c0,,field_586bb3707b79a,Immediately,field_5873b849ba10d,,field_587526abbb383,Quartz,field_586bc437214c2,,field_5873d1f749c2b,,field_5873d20849c2c,,field_5873d21249c2d,"White Gold",field_586bc452214c4,Silver,field_586bc45d214c5,36mm,field_586bc469214c6,"Fold clasp",field_586bc477214c7,,field_586bc488214c8,"White gold",field_586bc49b214ca,20,field_586b745e69a7d,,field_586bc4ad214cb,Diamonds,field_586bc4b5214cc,"Sapphire Glass",field_586bc4c4214cd,White,field_586bc4ce214ce,"No numerals",field_5873d2a341247,,field_586bc4dd214d0,,field_586bc4f2214d2,9,90,4661498847213514,,,,,,,,,,,,,,,,,,no,,,,,,,,,,,,,yes,yes,,product,,,,,,,,,,,,,,,,,,,,,,,,,,,,,,,,,,,no,4661498873880178,1,classic-editor,,,,0,,,,,,,,,,,
3678,simple,,,"Radiomir Rattrapante",1,0,visible,,"Panerai Radiomir Rattrapante\n\nRef: PAM00214\n\n45mm case size\n\nAutomatic movement\n\nStainless Steel case and clasp on a Black Leather Strap\n\n1 year Pacha of London warranty, Box and Free insurance valuation certification",,,taxable,,1,,,0,0,,,,,1,,,5850,Panerai,,,"https://pachaoflondon.com/wp-content/uploads/2021/07/Photoroom_20250227_135048.jpg, https://pachaoflondon.com/wp-content/uploads/2021/07/Photoroom_20250227_135048.jpg, https://pachaoflondon.com/wp-content/uploads/2021/07/thumbnail_0A30AE24-9404-4EC4-8774-3C146F9B65CF.jpg, https://pachaoflondon.com/wp-content/uploads/2021/07/thumbnail_5E11B39B-B668-4E6A-8ADC-78D959FB6739.jpg, https://pachaoflondon.com/wp-content/uploads/2021/07/thumbnail_EB0C95B9-D7E5-475F-B898-3DED79100955.jpg, https://pachaoflondon.com/wp-content/uploads/2021/07/thumbnail_EC407308-8574-4D42-8133-A43200A4C04F.jpg",,,,,,,,,0,,"45mm Stainless Steel on a Black Leather Strap",field_586a50d32fdc2,PAM00214,field_586bc3c6214bc,,field_586bc3e2214bd,Watch,field_58752651bb382,Pre-owned,field_587526d8bb384,"1 (mint)",field_586bc400214be,Yes,field_5873b9289d99a,,field_5873b92d9d99b,Men’s,field_586bc406214bf,London,field_586bc413214c0,2008,field_586bb3707b79a,Immediately,field_5873b849ba10d,,field_587526abbb383,Automatic,field_586bc437214c2,,field_5873d1f749c2b,,field_5873d20849c2c,,field_5873d21249c2d,Leather,field_586bc452214c4,Black,field_586bc45d214c5,,field_586bc469214c6,Buckle,field_586bc477214c7,"Stainless Steel",field_586bc488214c8,Steel,field_586bc49b214ca,44,field_586b745e69a7d,,field_586bc4ad214cb,,field_586bc4b5214cc,"Sapphire Glass",field_586bc4c4214cd,Black,field_586bc4ce214ce,"No numerals",field_5873d2a341247,,field_586bc4dd214d0,,field_586bc4f2214d2,15,90,3993348167428055,,,,,,,,,,,,,,,,,,no,,,,,,,,,,,,,yes,yes,,product,,,,,,,,,,,,,,,,,,,,,,,,,,,,,,,,,,,no,3993348200761385,1,classic-editor,,,,0,,,,,,,,,,,
3703,simple,,,"Ocean Alarm",1,0,visible,,"Harry Winston Ocean Alarm\n\nRef: 400-matz44r\n\np: £45,000\n\n44mm case size\n\nRose Gold and stainless steel on a black rubber strap\n\nDual Time Movement\n\n1 year Pacha of London Warranty, Free insurance valuation certification\n\n&nbsp;",,,taxable,,1,,,0,0,,,,,1,,,20000,"Watches > Assorted > Harry Winston",,,"https://pachaoflondon.com/wp-content/uploads/2021/07/51B33030-8A14-4E52-AB8E-4BBF6B481145.jpg, https://pachaoflondon.com/wp-content/uploads/2021/07/51B33030-8A14-4E52-AB8E-4BBF6B481145.jpg, https://pachaoflondon.com/wp-content/uploads/2021/07/Harry-Winston-Ocean-Front-Side-1-scaled.jpg, https://pachaoflondon.com/wp-content/uploads/2021/07/Harry-Winston-Ocean-back-side-1-1-scaled.jpg, https://pachaoflondon.com/wp-content/uploads/2021/07/Harry-Winston-Ocean-back-1-scaled.jpg",,,,,,,,,0,,"44mm, Rose Gold, Black Rubber Strap, RRP: £45,000",field_586a50d32fdc2,400-matz44r,field_586bc3c6214bc,,field_586bc3e2214bd,Watch,field_58752651bb382,Pre-owned,field_587526d8bb384,"1 (mint)",field_586bc400214be,No,field_5873b9289d99a,No,field_5873b92d9d99b,Men’s,field_586bc406214bf,London,field_586bc413214c0,,field_586bb3707b79a,Immediately,field_5873b849ba10d,,field_587526abbb383,Automatic,field_586bc437214c2,,field_5873d1f749c2b,,field_5873d20849c2c,,field_5873d21249c2d,Rubber,field_586bc452214c4,Black,field_586bc45d214c5,,field_586bc469214c6,Buckle,field_586bc477214c7,"Rose Gold",field_586bc488214c8,"Pink gold",field_586bc49b214ca,44,field_586b745e69a7d,,field_586bc4ad214cb,"Rose Gold",field_586bc4b5214cc,"Sapphire Glass",field_586bc4c4214cd,Grey,field_586bc4ce214ce,"No numerals",field_5873d2a341247,,field_586bc4dd214d0,,field_586bc4f2214d2,38,90,4522068774470459,,,,,,,,,,,,,,,,,,no,,,,,,,,,,,,,yes,yes,,product,,,,,,,,,,,,,,,,,,,,,,,,,,,,,,,,,,,no,4522068787803791,1,,,,,0,,,,,"Brand, Harry Winston. Model, Ocean Alarm. Reference number,400-matz44r . Movement, Automatic. Case material, Rose gold & Steel. Knightsbridge.",,,,,,
3715,simple,,,"Panerai Ferrari Scuderia Split Second Rattrapante",1,0,visible,,"Panerai Ferrari Scuderia Split Second Rattrapante\n\nRef: FER00010\n\n45mm case size\n\nStainless Steel on a Black Rubber Strap\n\nBox and Papers\n\n1 year Pacha of London Warranty and Free insurance valuation certification\n\n&nbsp;",,,taxable,,1,,,0,0,,,,,1,,,6000,Panerai,,,"https://pachaoflondon.com/wp-content/uploads/2021/07/DD8C4556-D1C1-4007-8DFE-FDA0E7B9D9EB.jpg, https://pachaoflondon.com/wp-content/uploads/2021/07/DD8C4556-D1C1-4007-8DFE-FDA0E7B9D9EB.jpg, https://pachaoflondon.com/wp-content/uploads/2021/07/thumbnail_61103031-0F16-4D72-A64D-E03AA3A32609.jpg, https://pachaoflondon.com/wp-content/uploads/2021/07/thumbnail_FD8CF845-67C3-46B5-9FF4-D3BF86EF2180.jpg, https://pachaoflondon.com/wp-content/uploads/2021/07/thumbnail_9E388F54-174D-4BBC-9B02-D95E06215342.jpg",,,,,,,,,0,,"45mm Stainless Steel on a Black Rubber Strap",field_586a50d32fdc2,FER00010,field_586bc3c6214bc,,field_586bc3e2214bd,Watch,field_58752651bb382,Pre-owned,field_587526d8bb384,"1 (mint)",field_586bc400214be,Yes,field_5873b9289d99a,Yes,field_5873b92d9d99b,Men’s,field_586bc406214bf,London,field_586bc413214c0,,field_586bb3707b79a,Immediately,field_5873b849ba10d,,field_587526abbb383,Automatic,field_586bc437214c2,,field_5873d1f749c2b,,field_5873d20849c2c,,field_5873d21249c2d,Rubber,field_586bc452214c4,Black,field_586bc45d214c5,,field_586bc469214c6,"Fold clasp",field_586bc477214c7,"Stainless Steel",field_586bc488214c8,Steel,field_586bc49b214ca,45,field_586b745e69a7d,,field_586bc4ad214cb,,field_586bc4b5214cc,"Sapphire Glass",field_586bc4c4214cd,Black,field_586bc4ce214ce,"No numerals",field_5873d2a341247,,field_586bc4dd214d0,,field_586bc4f2214d2,15,90,5719125621492326,,,,,,,,,,,,,,,,,,no,,,,,,,,,,,,,yes,yes,,product,,,,,,,,,,,,,,,,,,,,,,,,,,,,,,,,,,,no,5719125694825652,1,classic-editor,,,,0,,,,,"Panerai Ferrari, Scuderia Split Second Rattrapante,Ref: FER00010,45mm case size, Stainless Steel, Knightdbridge, London",,,,,,
3870,simple,,,"Classic Fusion",1,0,visible,,"Hublot Classic Fusion - 511.PX.1180.RX\n\n45mm 18k Rose Gold on a Black Rubber Strap\n\nDated 2013 Box and Papers\n\n1 year Pacha of London Warranty and Free insurance Valuation certification",,,taxable,,1,,,0,0,,,,,1,,,7750,Hublot,,,"https://pachaoflondon.com/wp-content/uploads/2021/07/Photoroom_20250103_032818.jpg, https://pachaoflondon.com/wp-content/uploads/2021/07/Photoroom_20250103_032818.jpg, https://pachaoflondon.com/wp-content/uploads/2021/07/gold-face-black-strap-front-side-scaled.jpg, https://pachaoflondon.com/wp-content/uploads/2021/07/gold-face-black-strap-side-scaled.jpg, https://pachaoflondon.com/wp-content/uploads/2021/07/gold-face-black-strap-back-scaled.jpg",,,,,,,,,0,,"45mm, 18k Rose Gold bezel, ceramic case on a Black Rubber Strap ",field_586a50d32fdc2," 511.PX.1180.RX",field_586bc3c6214bc,,field_586bc3e2214bd,Watch,field_58752651bb382,Pre-owned,field_587526d8bb384,"1 (mint)",field_586bc400214be,Yes,field_5873b9289d99a,Yes,field_5873b92d9d99b,Men’s,field_586bc406214bf,London,field_586bc413214c0,2013,field_586bb3707b79a,Immediately,field_5873b849ba10d,,field_587526abbb383,Automatic,field_586bc437214c2,,field_5873d1f749c2b,,field_5873d20849c2c,,field_5873d21249c2d,Rubber,field_586bc452214c4,Black,field_586bc45d214c5,,field_586bc469214c6,"Fold clasp",field_586bc477214c7,"Rose Gold",field_586bc488214c8,"Pink gold",field_586bc49b214ca,45,field_586b745e69a7d,,field_586bc4ad214cb,"Rose Gold",field_586bc4b5214cc,"Sapphire Glass",field_586bc4c4214cd,Black,field_586bc4ce214ce,"No numerals",field_5873d2a341247,,field_586bc4dd214d0,,field_586bc4f2214d2,14,90,3982523625179833,,,,,,,,,,,,,,,,,,no,,,,,,,,,,,,,yes,yes,,product,,,,,,,,,,,,,,,,,,,,,,,,,,,,,,,,,,,no,3982523641846498,1,,,,,,,,,,,,,,,,
3877,simple,,,"Big Bang King All Black Red",1,0,visible,,"Big Bang King All Black Red Limited to 500 Pieces\n\nRef: 322.CI.1130.GR.ABR10\n\n48mm Black Ceramic Bezel on a Red Leather Strap\n\n1 year Pacha of London warranty, Box and Free insurance valuation certification\n\n&nbsp;",,,taxable,,1,,,0,0,,,,,1,,,8000,Hublot,,,"https://pachaoflondon.com/wp-content/uploads/2021/08/905709DD-FA97-448C-AB40-1998C771135D.jpeg, https://pachaoflondon.com/wp-content/uploads/2021/08/905709DD-FA97-448C-AB40-1998C771135D.jpeg, https://pachaoflondon.com/wp-content/uploads/2021/08/thumbnail_27035502-D0C2-408A-88FC-751E2D3405E7.jpg, https://pachaoflondon.com/wp-content/uploads/2021/08/thumbnail_FC3BF5D0-3C9B-4D1B-A673-44A52E234EAF.jpg, https://pachaoflondon.com/wp-content/uploads/2021/08/thumbnail_800AE377-7F35-4F48-995B-F16170C4247C.jpg, https://pachaoflondon.com/wp-content/uploads/2021/08/thumbnail_41A28CDF-2899-40D4-8A3A-E9277B43EDC6.jpg",,,,,,,,,0,,"48mm, Black Ceramic Bezel, Red Leather Strap, Limited to 500 pieces ",field_586a50d32fdc2,322.CI.1130.GR.ABR10,field_586bc3c6214bc,,field_586bc3e2214bd,Watch,field_58752651bb382,Pre-owned,field_587526d8bb384,"1 (mint)",field_586bc400214be,Yes,field_5873b9289d99a,,field_5873b92d9d99b,Men’s,field_586bc406214bf,London,field_586bc413214c0,,field_586bb3707b79a,Immediately,field_5873b849ba10d,,field_587526abbb383,Automatic,field_586bc437214c2,,field_5873d1f749c2b,,field_5873d20849c2c,,field_5873d21249c2d,Leather,field_586bc452214c4,Red,field_586bc45d214c5,,field_586bc469214c6,"Fold clasp",field_586bc477214c7,"Ceramic ",field_586bc488214c8,Ceramic,field_586bc49b214ca,48,field_586b745e69a7d,,field_586bc4ad214cb,Ceramic,field_586bc4b5214cc,"Sapphire Glass",field_586bc4c4214cd,Black,field_586bc4ce214ce,"No numerals",field_5873d2a341247,,field_586bc4dd214d0,,field_586bc4f2214d2,14,90,6728865097130983,,,,,,,,,,,,,,,,,,no,,,,,,,,,,,,,yes,yes,,product,,,,,,,,,,,,,,,,,,,,,,,,,,,,,,,,,,,no,6728865153797644,1,classic-editor,,,,0,,,,,,,,,,,
4169,simple,,,"Happy Sport II",1,0,visible,,"Happy Sport II\n\nRef: 274189 5001\n\n30mm case\n\n18k Rose Gold Quartz on a Brown Leather Strap\n\n5 Floating Diamonds and Mother of Pearl Dial\n\nDated 2013 Complete Box and Papers\n\n1 year Pacha of London warranty and Free insurance valuation certificate\n\n&nbsp;\n\n&nbsp;",,,taxable,,1,,,0,0,,,,,1,,,4500,"Watches > Chopard",,,"https://pachaoflondon.com/wp-content/uploads/2021/08/Photoroom_20250224_160523.jpg, https://pachaoflondon.com/wp-content/uploads/2021/08/Photoroom_20250224_160523.jpg, https://pachaoflondon.com/wp-content/uploads/2021/08/happy-brown-strap-front-side-scaled.jpg, https://pachaoflondon.com/wp-content/uploads/2021/08/happy-brown-strap-side-scaled.jpg, https://pachaoflondon.com/wp-content/uploads/2021/08/happy-brown-strap-back-scaled.jpg",,,,,,,,,0,,"30mm 18k Rose Gold on a Brown Leather Strap",field_586a50d32fdc2,"274189 5001",field_586bc3c6214bc,,field_586bc3e2214bd,Watch,field_58752651bb382,Pre-owned,field_587526d8bb384,"1 (mint)",field_586bc400214be,Yes,field_5873b9289d99a,Yes,field_5873b92d9d99b,Women’s,field_586bc406214bf,London,field_586bc413214c0,2013,field_586bb3707b79a,Immediately,field_5873b849ba10d,,field_587526abbb383,Quartz,field_586bc437214c2,,field_5873d1f749c2b,,field_5873d20849c2c,,field_5873d21249c2d,Leather,field_586bc452214c4,Brown,field_586bc45d214c5,,field_586bc469214c6,Buckle,field_586bc477214c7,"Rose Gold",field_586bc488214c8,"Pink gold",field_586bc49b214ca,30,field_586b745e69a7d,,field_586bc4ad214cb,"Rose Gold",field_586bc4b5214cc,"Sapphire Glass",field_586bc4c4214cd,"Mother of pearl",field_586bc4ce214ce,"Roman numerals",field_5873d2a341247,,field_586bc4dd214d0,,field_586bc4f2214d2,24,90,4177134829035008,,,,,,,,,,,,,,,,,,no,,,,,,,,,,,,,yes,yes,,product,,,,,,,,,,,,,,,,,,,,,,,,,,,,,,,,,,,no,4177134842368340,1,classic-editor,,,,0,,,,,,,,,,,
4182,simple,,,"La Strada",1,0,visible,,"Chopard La Strada\n\nRef: 41/6547\n\n34.5 mm x 23 mm case size\n\n18k White Gold with round brilliant three row diamond bezel\n\n1 year Pacha of London Warranty, Box and Free insurance valuation certificate",,,taxable,,1,,,0,0,,,,,1,,,7750,"Watches > Chopard",,,"https://pachaoflondon.com/wp-content/uploads/2021/08/IMG_4145.heic, https://pachaoflondon.com/wp-content/uploads/2021/08/IMG_4145.heic, https://pachaoflondon.com/wp-content/uploads/2021/08/la-strada-front-side-scaled.jpg, https://pachaoflondon.com/wp-content/uploads/2021/08/la-strada-side-scaled.jpg, https://pachaoflondon.com/wp-content/uploads/2021/08/la-strada-back-scaled.jpg",,,,,,,,,0,,"34.5 mm x 23 mm 18k White Gold with a Factory Diamond Bezel",field_586a50d32fdc2,41/6547,field_586bc3c6214bc,,field_586bc3e2214bd,Watch,field_58752651bb382,Pre-owned,field_587526d8bb384,"1 (mint)",field_586bc400214be,Yes,field_5873b9289d99a,,field_5873b92d9d99b,Women’s,field_586bc406214bf,London,field_586bc413214c0,,field_586bb3707b79a,Immediately,field_5873b849ba10d,,field_587526abbb383,Quartz,field_586bc437214c2,,field_5873d1f749c2b,,field_5873d20849c2c,,field_5873d21249c2d,"White Gold",field_586bc452214c4,,field_586bc45d214c5,,field_586bc469214c6,"Fold clasp",field_586bc477214c7,"18k White Gold",field_586bc488214c8,"White gold",field_586bc49b214ca,34.5,field_586b745e69a7d,,field_586bc4ad214cb,Diamond,field_586bc4b5214cc,"Sapphire Glass",field_586bc4c4214cd,White,field_586bc4ce214ce,,field_5873d2a341247,,field_586bc4dd214d0,,field_586bc4f2214d2,24,90,4401781013215509,,,,,,,,,,,,,,,,,,no,,,,,,,,,,,,,yes,yes,,product,,,,,,,,,,,,,,,,,,,,,,,,,,,,,,,,,,,no,4401781029882174,1,classic-editor,,,,0,,,,,,,,,,,
4220,simple,,,Cellini,1,0,visible,,"Rolex Cellini\n\nRef: 66238\n\n37.5mm Yellow Gold  case on a Black Leather Strap\n\nDated 2004, Complete Box and Papers\n\n1 year Pacha of London warranty\n\n&nbsp;",,,taxable,,1,,,0,0,,,,,1,,,6750,Rolex,,,"https://pachaoflondon.com/wp-content/uploads/2021/08/DCDFA635-EE1D-429F-B393-62ECCDF385B1-2.jpeg, https://pachaoflondon.com/wp-content/uploads/2021/08/DCDFA635-EE1D-429F-B393-62ECCDF385B1-2.jpeg, https://pachaoflondon.com/wp-content/uploads/2021/08/cel-cel.jpg, https://pachaoflondon.com/wp-content/uploads/2021/08/18k-fcefw.jpg, https://pachaoflondon.com/wp-content/uploads/2021/08/ini.jpg, https://pachaoflondon.com/wp-content/uploads/2021/08/cel.jpg",,,,,,,,,0,,"37.5mm Yellow Gold on a Black Leather Strap",field_586a50d32fdc2,66238,field_586bc3c6214bc,,field_586bc3e2214bd,Watch,field_58752651bb382,Pre-owned,field_587526d8bb384,"1 (mint)",field_586bc400214be,Yes,field_5873b9289d99a,Yes,field_5873b92d9d99b,Men’s,field_586bc406214bf,London,field_586bc413214c0,2004,field_586bb3707b79a,Immediately,field_5873b849ba10d,,field_587526abbb383,Automatic,field_586bc437214c2,,field_5873d1f749c2b,,field_5873d20849c2c,,field_5873d21249c2d,Leather,field_586bc452214c4,Black,field_586bc45d214c5,,field_586bc469214c6,Buckle,field_586bc477214c7,"18k Yellow Gold",field_586bc488214c8,"Yellow gold",field_586bc49b214ca,37.5,field_586b745e69a7d,,field_586bc4ad214cb,"18k Yellow Gold",field_586bc4b5214cc,"Sapphire Glass",field_586bc4c4214cd,White,field_586bc4ce214ce,"Roman numerals",field_5873d2a341247,,field_586bc4dd214d0,,field_586bc4f2214d2,8,90,4173670272748527,,,,,,,,,,,,,,,,,,no,,,,,,,,,,,,,yes,yes,,product,,,,,,,,,,,,,,,,,,,,,,,,,,,,,,,,,,,no,4173670309415190,1,classic-editor,,,,0,,,,,"Rolex-Cellini-66238-18k gold on a leather strap-Roman Numeral-2004 model-Available immediately-Location: Knightsbridge",,,,,,
4286,simple,,,"Datejust II",1,0,visible,,"Datejust II\n\nRef: 116300\n\n41mm case size\n\nStainless Steel with a Black Dial\n\nOyster Bracelet\n\nBox and 1 year Pacha of London warranty\n\n&nbsp;",,,taxable,,1,,,0,0,,,,,1,,,8250,Rolex,,,"https://pachaoflondon.com/wp-content/uploads/2021/09/ECF2C813-C02C-48D9-B018-FE4BEBC1F392.jpg, https://pachaoflondon.com/wp-content/uploads/2021/09/ECF2C813-C02C-48D9-B018-FE4BEBC1F392.jpg, https://pachaoflondon.com/wp-content/uploads/2021/09/thumbnail_72A698DE-4C61-4D42-AAA3-40164A06BADB.jpg, https://pachaoflondon.com/wp-content/uploads/2021/09/thumbnail_3E12AF62-8839-462C-825F-750D0761279E.jpg, https://pachaoflondon.com/wp-content/uploads/2021/09/thumbnail_DC0D1CF4-DFF2-4EEE-A53D-B325ED41CBAF.jpg, https://pachaoflondon.com/wp-content/uploads/2021/09/thumbnail_2A019EC0-99B0-484C-81F6-4517B6059A92.jpg",,,,,,,,,0,,"41mm Stainless Steel with a Black Dial ",field_586a50d32fdc2,116300,field_586bc3c6214bc,,field_586bc3e2214bd,Watch,field_58752651bb382,Pre-owned,field_587526d8bb384,"1 (mint)",field_586bc400214be,Yes,field_5873b9289d99a,No,field_5873b92d9d99b,Men’s,field_586bc406214bf,London,field_586bc413214c0,,field_586bb3707b79a,Immediately,field_5873b849ba10d,,field_587526abbb383,Automatic,field_586bc437214c2,,field_5873d1f749c2b,,field_5873d20849c2c,,field_5873d21249c2d,Steel,field_586bc452214c4,,field_586bc45d214c5,,field_586bc469214c6,"Fold clasp",field_586bc477214c7,"Stainless Steel",field_586bc488214c8,Steel,field_586bc49b214ca,41,field_586b745e69a7d,,field_586bc4ad214cb,"Stainless Steel",field_586bc4b5214cc,"Sapphire Glass",field_586bc4c4214cd,Black,field_586bc4ce214ce,"Roman numerals",field_5873d2a341247,,field_586bc4dd214d0,,field_586bc4f2214d2,8,90,4598838056795663,,,,,,,,,,,,,,,,,,no,,,,,,,,,,,,,yes,yes,,product,,,,,,,,,,,,,,,,,,,,,,,,,,,,,,,,,,,no,4598838076795661,1,classic-editor,,,,0,,,,,"Rolex-Datejust II-116300-Stainless steel 41mm-Very good condition-2015 model-Available immediately-Location; Knightsbridge",,,,,,
4308,simple,,,"Seventies Panorama",1,0,visible,,"Glashutte Panorama Date\n\nRef: 2-39-47-12-12-06\n\n40mm case size\n\nStainless Steel with a Glass case back on a leather strap\n\nComplete Box and Papers\n\n1 year Pacha of London warranty and Free insurance valuation certificate\n\n&nbsp;",,,taxable,,1,,,0,0,,,,,1,,,4950,"Watches > Assorted > Glashutte",,,"https://pachaoflondon.com/wp-content/uploads/2021/09/Photoroom_20250228_153836.jpg, https://pachaoflondon.com/wp-content/uploads/2021/09/Photoroom_20250228_153836.jpg, https://pachaoflondon.com/wp-content/uploads/2021/09/Photoroom_20250228_155518.jpg, https://pachaoflondon.com/wp-content/uploads/2021/09/Glashutte-Front-side-scaled.jpg, https://pachaoflondon.com/wp-content/uploads/2021/09/Glashutte-side-scaled.jpg, https://pachaoflondon.com/wp-content/uploads/2021/09/Glashutte-back-scaled.jpg",,,,,,,,,0,,"40mm, Stainless Steel, Glass case back, Leather Strap",field_586a50d32fdc2,2-39-47-12-12-06,field_586bc3c6214bc,,field_586bc3e2214bd,Watch,field_58752651bb382,Pre-owned,field_587526d8bb384,"1 (mint)",field_586bc400214be,Yes,field_5873b9289d99a,Yes,field_5873b92d9d99b,Men’s,field_586bc406214bf,London,field_586bc413214c0,,field_586bb3707b79a,Immediately,field_5873b849ba10d,,field_587526abbb383,Automatic,field_586bc437214c2,,field_5873d1f749c2b,,field_5873d20849c2c,,field_5873d21249c2d,Leather,field_586bc452214c4,Black,field_586bc45d214c5,,field_586bc469214c6,Buckle,field_586bc477214c7,"Stainless Steel",field_586bc488214c8,Steel,field_586bc49b214ca,40,field_586b745e69a7d,,field_586bc4ad214cb,"Stainless Steel",field_586bc4b5214cc,"Sapphire Glass",field_586bc4c4214cd,Black,field_586bc4ce214ce,"No numerals",field_5873d2a341247,,field_586bc4dd214d0,,field_586bc4f2214d2,39,90,6779340775424826,,,,,,,,,,,,,,,,,,no,,,,,,,,,,,,,yes,yes,,product,,,,,,,,,,,,,,,,,,,,,,,,,,,,,,,,,,,no,6779340842091486,1,classic-editor,,,,0,,,,,,,,,,,
4383,simple,,,Avenger,1,0,visible,,"Breitling Avenger\n\nRef: A13385101B1A1\n\n48mm case size\n\nStainless Steel, Chronograph with a Black Dial\n\nComplete Box and Papers\n\n1 year Pacha of London warranty and Free insurance valuation certificate\n\n&nbsp;",,,taxable,,1,,,0,0,,,,,1,,,3750,Breitling,,,"https://pachaoflondon.com/wp-content/uploads/2021/09/Photoroom_20250228_152915.jpg, https://pachaoflondon.com/wp-content/uploads/2021/09/Photoroom_20250228_152915.jpg, https://pachaoflondon.com/wp-content/uploads/2021/09/Breitling-front-side-scaled.jpg, https://pachaoflondon.com/wp-content/uploads/2021/09/Breitling-side-scaled.jpg, https://pachaoflondon.com/wp-content/uploads/2021/09/Breitling-back-scaled.jpg",,,,,,,,,0,,"48mm Stainless Steel, Chronograph with a Black Dial",field_586a50d32fdc2,A13385101B1A1,field_586bc3c6214bc,,field_586bc3e2214bd,Watch,field_58752651bb382,Pre-owned,field_587526d8bb384,"1 (mint)",field_586bc400214be,Yes,field_5873b9289d99a,Yes,field_5873b92d9d99b,Men’s,field_586bc406214bf,London,field_586bc413214c0,,field_586bb3707b79a,Immediately,field_5873b849ba10d,,field_587526abbb383,Automatic,field_586bc437214c2,,field_5873d1f749c2b,,field_5873d20849c2c,,field_5873d21249c2d,Steel,field_586bc452214c4,,field_586bc45d214c5,,field_586bc469214c6,"Double-fold clasp",field_586bc477214c7,"Stainless Steel",field_586bc488214c8,,field_586bc49b214ca,48,field_586b745e69a7d,,field_586bc4ad214cb,"Stainless Steel",field_586bc4b5214cc,"Sapphire Glass",field_586bc4c4214cd,Black,field_586bc4ce214ce,"No numerals",field_5873d2a341247,,field_586bc4dd214d0,,field_586bc4f2214d2,16,90,3869065993193129,,,,,,,,,,,,,,,,,,no,,,,,,,,,,,,,yes,yes,,product,,,,,,,,,,,,,,,,,,,,,,,,,,,,,,,,,,,no,3869066053193123,1,,,,,0,,,,,,,,,,,
4394,simple,,,Seamaster,1,0,visible,,"Omega Sea master\n\nRef:14704 SC-61\n\n35mm case size\n\n18k Rose Gold on a Black Leather Strap\n\nSilver Dial\n\n1 year Pacha of London warranty, Box and Free insurance valuation certificate",,,taxable,,1,,,0,0,,,,,1,,,3500,Omega,,,"https://pachaoflondon.com/wp-content/uploads/2021/09/883BEC17-889F-4421-A0C9-CDF1C8050646.jpg, https://pachaoflondon.com/wp-content/uploads/2021/09/883BEC17-889F-4421-A0C9-CDF1C8050646.jpg, https://pachaoflondon.com/wp-content/uploads/2021/09/seamaster-rose-gold-front-side-scaled.jpg, https://pachaoflondon.com/wp-content/uploads/2021/09/seamaster-rose-gold-side-scaled.jpg, https://pachaoflondon.com/wp-content/uploads/2021/09/seamaster-rose-gold-back-scaled.jpg",,,,,,,,,0,,"35mm Rose Gold on a Black Leather Strap",field_586a50d32fdc2,"14704 SC-61",field_586bc3c6214bc,,field_586bc3e2214bd,Watch,field_58752651bb382,Pre-owned,field_587526d8bb384,"1 (mint)",field_586bc400214be,Yes,field_5873b9289d99a,No,field_5873b92d9d99b,Unisex,field_586bc406214bf,London,field_586bc413214c0,"Est 1990 ",field_586bb3707b79a,Immediately,field_5873b849ba10d,,field_587526abbb383,Automatic,field_586bc437214c2,,field_5873d1f749c2b,,field_5873d20849c2c,,field_5873d21249c2d,Leather,field_586bc452214c4,Black,field_586bc45d214c5,,field_586bc469214c6,Buckle,field_586bc477214c7,"Rose Gold",field_586bc488214c8,"Pink gold",field_586bc49b214ca,35,field_586b745e69a7d,,field_586bc4ad214cb,"Rose Gold",field_586bc4b5214cc,"Sapphire Glass",field_586bc4c4214cd,Silver,field_586bc4ce214ce,"No numerals",field_5873d2a341247,,field_586bc4dd214d0,,field_586bc4f2214d2,18,90,4426158030796535,,,,,,,,,,,,,,,,,,no,,,,,,,,,,,,,yes,yes,,product,,,,,,,,,,,,,,,,,,,,,,,,,,,,,,,,,,,no,4426158070796531,1,classic-editor,,,,0,,,,,,,,,,,
4454,simple,,,"Diagono Chronograph",1,0,visible,,"Diagono Chronograph\n\nRef: CH 35 G\n\n35mm case size\n\n18k Yellow Gold on a Brown Leather Strap\n\n1 year Pacha of London warranty, Box and Free insurance valuation certificate",,,taxable,,1,,,0,0,,,,,1,,,7500,"Watches > Bvlgari",,,"https://pachaoflondon.com/wp-content/uploads/2021/10/Photoroom_20250217_130433.jpg, https://pachaoflondon.com/wp-content/uploads/2021/10/Photoroom_20250217_130433.jpg, https://pachaoflondon.com/wp-content/uploads/2021/10/diagono-front-sid-e-1-scaled.jpg, https://pachaoflondon.com/wp-content/uploads/2021/10/diagono-side-1-1-scaled.jpg, https://pachaoflondon.com/wp-content/uploads/2021/10/diagono-back-1-scaled.jpg",,,,,,,,,0,,"35mm,18k Yellow Gold, Brown Leather Strap, chronograph ",field_586a50d32fdc2,"CH 35 G",field_586bc3c6214bc,,field_586bc3e2214bd,Watch,field_58752651bb382,Pre-owned,field_587526d8bb384,"1 (mint)",field_586bc400214be,Yes,field_5873b9289d99a,,field_5873b92d9d99b,Unisex,field_586bc406214bf,London,field_586bc413214c0,,field_586bb3707b79a,Immediately,field_5873b849ba10d,,field_587526abbb383,Automatic,field_586bc437214c2,,field_5873d1f749c2b,,field_5873d20849c2c,,field_5873d21249c2d,Leather,field_586bc452214c4,Brown,field_586bc45d214c5,,field_586bc469214c6,Buckle,field_586bc477214c7,"18k Yellow Gold",field_586bc488214c8,"Yellow gold",field_586bc49b214ca,35,field_586b745e69a7d,,field_586bc4ad214cb,"18k Yellow Gold",field_586bc4b5214cc,"Sapphire Glass",field_586bc4c4214cd,White,field_586bc4ce214ce,"No numerals",field_5873d2a341247,,field_586bc4dd214d0,,field_586bc4f2214d2,26,90,4658338327532668,,,,,,,,,,,,,,,,,,no,,,,,,,,,,,,,yes,yes,,product,,,,,,,,,,,,,,,,,,,,,,,,,,,,,,,,,,,no,4658338354199332,1,classic-editor,,,,0,,,,,,,,,,,
4557,simple,,,Explorer,1,0,visible,,"Rolex Datejust\n\nRef: 14270\n\n36mm Stainless Steel on an Oyster Bracelet\n\n1999 Model\n\n1 year Pacha of London warranty, Box and Free insurance valuation certificate",,,taxable,,1,,,0,0,,,,,1,,,7500,Rolex,,,"https://pachaoflondon.com/wp-content/uploads/2021/11/F03173F1-DFF7-4ECF-9635-ED09DA61C0B6.jpeg, https://pachaoflondon.com/wp-content/uploads/2021/11/F03173F1-DFF7-4ECF-9635-ED09DA61C0B6.jpeg, https://pachaoflondon.com/wp-content/uploads/2021/11/thumbnail_2A9E39B0-1020-40C2-A737-13E0F8114B25.jpg, https://pachaoflondon.com/wp-content/uploads/2021/11/thumbnail_850F65BF-0B44-4BA3-8DD4-012FCB04D914.jpg, https://pachaoflondon.com/wp-content/uploads/2021/11/thumbnail_E9D837AA-5FDA-40B9-87B4-626899B03680.jpg, https://pachaoflondon.com/wp-content/uploads/2021/11/thumbnail_78A127AB-1238-47EB-8041-877221A75D0D.jpg",,,,,,,,,0,,"36mm, Stainless Steel, Oyster Bracelet ",field_586a50d32fdc2,14270,field_586bc3c6214bc,,field_586bc3e2214bd,Watch,field_58752651bb382,Pre-owned,field_587526d8bb384,"1 (mint)",field_586bc400214be,Yes,field_5873b9289d99a,,field_5873b92d9d99b,Men’s,field_586bc406214bf,London,field_586bc413214c0,1999,field_586bb3707b79a,Immediately,field_5873b849ba10d,,field_587526abbb383,Automatic,field_586bc437214c2,,field_5873d1f749c2b,,field_5873d20849c2c,,field_5873d21249c2d,Steel,field_586bc452214c4,,field_586bc45d214c5,,field_586bc469214c6,"Fold clasp",field_586bc477214c7,"Stainless Steel",field_586bc488214c8,Steel,field_586bc49b214ca,36,field_586b745e69a7d,,field_586bc4ad214cb,"Stainless Steel",field_586bc4b5214cc,"Sapphire Glass",field_586bc4c4214cd,Black,field_586bc4ce214ce,"No numerals",field_5873d2a341247,,field_586bc4dd214d0,,field_586bc4f2214d2,8,90,4557252164354149,,,,,,,,,,,,,,,,,,no,,,,,,,,,,,,,yes,yes,,product,,,,,,,,,,,,,,,,,,,,,,,,,,,,,,,,,,,no,4557252214354144,1,classic-editor,,,,0,,,,,,,,,,,
4568,simple,,,Trinity,1,0,visible,,"Cartier Trinity-\n\nRef: 2444\n\n27mm case size\n\n18K White Gold with a Factory Diamond Bezel\n\n1 year Pacha of London warranty, Box and Free insurance valuation certificate available",,,taxable,,1,,,0,0,,,,,1,,,9950,Cartier,,,"https://pachaoflondon.com/wp-content/uploads/2021/11/Photoroom_20250203_160806.jpg, https://pachaoflondon.com/wp-content/uploads/2021/11/Photoroom_20250203_160806.jpg, https://pachaoflondon.com/wp-content/uploads/2021/11/thumbnail_D7A5BE11-96A7-40B6-82FA-02C4B025C392.jpg, https://pachaoflondon.com/wp-content/uploads/2021/11/thumbnail_581D4FCA-C0EC-4152-8C03-647D66764CF9.jpg, https://pachaoflondon.com/wp-content/uploads/2021/11/thumbnail_B051E213-F4E9-440F-8519-BA3F77A944BC.jpg, https://pachaoflondon.com/wp-content/uploads/2021/11/thumbnail_C4F6F65A-F58D-4939-B8A5-93CFCAEAE02E.jpg",,,,,,,,,0,,"27mm case, 18K White Gold with a Factory Diamond Bezel, Trinity collection ",field_586a50d32fdc2,2444,field_586bc3c6214bc,,field_586bc3e2214bd,Watch,field_58752651bb382,Pre-owned,field_587526d8bb384,"1 (mint)",field_586bc400214be,Yes,field_5873b9289d99a,,field_5873b92d9d99b,Women’s,field_586bc406214bf,London,field_586bc413214c0,,field_586bb3707b79a,Immediately,field_5873b849ba10d,,field_587526abbb383,Quartz,field_586bc437214c2,,field_5873d1f749c2b,,field_5873d20849c2c,,field_5873d21249c2d,"White Gold",field_586bc452214c4,,field_586bc45d214c5,,field_586bc469214c6,,field_586bc477214c7,"18k White Gold",field_586bc488214c8,,field_586bc49b214ca,27,field_586b745e69a7d,,field_586bc4ad214cb,"Factory Diamond",field_586bc4b5214cc,"Sapphire Glass",field_586bc4c4214cd,Silver,field_586bc4ce214ce,"No numerals",field_5873d2a341247,,field_586bc4dd214d0,,field_586bc4f2214d2,12,90,4577618508966739,,,,,,,,,,,,,,,,,,no,,,,,,,,,,,,,yes,yes,,product,,,,,,,,,,,,,,,,,,,,,,,,,,,,,,,,,,,no,4577618552300068,1,classic-editor,,,,0,,,,,"Cartier-Trinity-2444-18k white gold-diamonds-Available immediately-Knightsbridge",,,,,,
4574,simple,,,"Oyster Perpetual",1,0,visible,,"Rolex Oyster Perpetual- 126000\n\n36mm Stainless Steel on an Oyster Bracelet  with a Silver Dial\n\nDated 2021 Complete Box and Papers\n\n&nbsp;",,,taxable,,1,,,0,0,,,,,1,,,8500,Rolex,,,"https://pachaoflondon.com/wp-content/uploads/2021/11/Photoroom_20250113_165852.jpg, https://pachaoflondon.com/wp-content/uploads/2021/11/Photoroom_20250113_165852.jpg",,,,,,,,,0,,"36mm Stainless Steel on an Oyster Bracelet ",field_586a50d32fdc2,126000,field_586bc3c6214bc,,field_586bc3e2214bd,Watch,field_58752651bb382,Pre-owned,field_587526d8bb384,"1 (mint)",field_586bc400214be,Yes,field_5873b9289d99a,Yes,field_5873b92d9d99b,Unisex,field_586bc406214bf,London,field_586bc413214c0,2021,field_586bb3707b79a,Immediately,field_5873b849ba10d,,field_587526abbb383,Automatic,field_586bc437214c2,,field_5873d1f749c2b,,field_5873d20849c2c,,field_5873d21249c2d,Steel,field_586bc452214c4,,field_586bc45d214c5,,field_586bc469214c6,"Fold clasp",field_586bc477214c7,"Stainless Steel",field_586bc488214c8,Steel,field_586bc49b214ca,36,field_586b745e69a7d,,field_586bc4ad214cb,"Stainless Steel",field_586bc4b5214cc,"Sapphire Glass",field_586bc4c4214cd,Silver,field_586bc4ce214ce,"No numerals",field_5873d2a341247,,field_586bc4dd214d0,,field_586bc4f2214d2,8,90,4663115913710569,,,,,,,,,,,,,,,,,,no,,,,,,,,,,,,,yes,yes,,product,,,,,,,,,,,,,,,,,,,,,,,,,,,,,,,,,,,no,4663115943710566,1,classic-editor,,,,,,,,,"Rolex-Oyster perpetual-126000-36mm, stainless steel-2021 model-Available immediately-Location: Knightsbridge",,,,,,
4660,simple,,,"Bentley Limited to 1000",1,0,visible,,"Breitling Bentley\n\nRef: E27365\n\nLimited to 1000 Pieces\n\n49mm Stainless Steel with a Black Chronograph Dial on a Black Rubber Strap\n\nDated 2011 Complete Box and Papers\n\n1 year Pacha of London warranty and Free insurance valuation certificate\n\n&nbsp;",,,taxable,,1,,,0,0,,,,,1,,,5750,Breitling,,,"https://pachaoflondon.com/wp-content/uploads/2021/11/Photoroom_20250228_152829.jpg, https://pachaoflondon.com/wp-content/uploads/2021/11/Photoroom_20250228_152829.jpg, https://pachaoflondon.com/wp-content/uploads/2021/11/Breitling-Bentley-front-side-scaled.jpg, https://pachaoflondon.com/wp-content/uploads/2021/11/Breitling-Bentley-side-scaled.jpg, https://pachaoflondon.com/wp-content/uploads/2021/11/Breitling-Bentley-back-scaled.jpg",,,,,,,,,0,,"49mm Stainless Steel with a Black Chronograph Dial on a Black Rubber Strap",field_586a50d32fdc2," E27365",field_586bc3c6214bc,,field_586bc3e2214bd,Watch,field_58752651bb382,Pre-owned,field_587526d8bb384,"1 (mint)",field_586bc400214be,Yes,field_5873b9289d99a,Yes,field_5873b92d9d99b,Men’s,field_586bc406214bf,London,field_586bc413214c0,2011,field_586bb3707b79a,Immediately,field_5873b849ba10d,,field_587526abbb383,Automatic,field_586bc437214c2,,field_5873d1f749c2b,,field_5873d20849c2c,,field_5873d21249c2d,Rubber,field_586bc452214c4,Black,field_586bc45d214c5,,field_586bc469214c6,Buckle,field_586bc477214c7,"Stainless Steel",field_586bc488214c8,Steel,field_586bc49b214ca,49,field_586b745e69a7d,,field_586bc4ad214cb,"Stainless Steel",field_586bc4b5214cc,"Sapphire Glass",field_586bc4c4214cd,Black,field_586bc4ce214ce,"No numerals",field_5873d2a341247,,field_586bc4dd214d0,,field_586bc4f2214d2,16,90,6573718402700824,,,,,,,,,,,,,,,,,,no,,,,,,,,,,,,,yes,yes,,product,,,,,,,,,,,,,,,,,,,,,,,,,,,,,,,,,,,no,6573718489367482,1,,,,,0,,,,,,,,,,,
4733,simple,,,"Royal Oak",1,0,visible,,"Audemars Piguet Royal Oak\n\nRef:25860ST.OO.1110ST.01\n\n39mm Stainless Steel with a Dark Blue Dial\n\nDated 2001, Box and Extract Papers\n\n1 year Pacha of London warranty and Free insurance valuation certificate\n\n&nbsp;",,,taxable,,1,,,0,0,,,,,1,,,45000,"Audemars Piguet",,,"https://pachaoflondon.com/wp-content/uploads/2021/12/Photoroom_20241218_141513.jpg, https://pachaoflondon.com/wp-content/uploads/2021/12/Photoroom_20241218_141513.jpg, https://pachaoflondon.com/wp-content/uploads/2021/12/thumbnail_A2329410-E187-4B29-BAB8-669AF54A9671.jpg, https://pachaoflondon.com/wp-content/uploads/2021/12/thumbnail_F93CFE28-4819-48C8-8E74-A2D6EA132ED2.jpg, https://pachaoflondon.com/wp-content/uploads/2021/12/thumbnail_2AF56888-BE13-4786-BC8C-0E5C7C78013F.jpg, https://pachaoflondon.com/wp-content/uploads/2021/12/thumbnail_D275BDF5-1116-4056-B558-1CC8EA61F79B.jpg",,,,,,,,,0,,"39mm Stainless Steel with a Dark Blue Dial",field_586a50d32fdc2,25860ST.OO.1110ST.01,field_586bc3c6214bc,,field_586bc3e2214bd,Watch,field_58752651bb382,Pre-owned,field_587526d8bb384,"1 (mint)",field_586bc400214be,Yes,field_5873b9289d99a,Yes,field_5873b92d9d99b,Men’s,field_586bc406214bf,London,field_586bc413214c0,2001,field_586bb3707b79a,Immediately,field_5873b849ba10d,,field_587526abbb383,Automatic,field_586bc437214c2,,field_5873d1f749c2b,,field_5873d20849c2c,,field_5873d21249c2d,Steel,field_586bc452214c4,,field_586bc45d214c5,,field_586bc469214c6,"Double-fold clasp",field_586bc477214c7,"Stainless Steel",field_586bc488214c8,Steel,field_586bc49b214ca,39,field_586b745e69a7d,,field_586bc4ad214cb,"Stainless Steel",field_586bc4b5214cc,"Sapphire Glass",field_586bc4c4214cd,Blue,field_586bc4ce214ce,"No numerals",field_5873d2a341247,,field_586bc4dd214d0,,field_586bc4f2214d2,9,90,6588385934569210,,,,,,,,,,,,,,,,,,no,,,,,,,,,,,,,yes,yes,,product,,,,,,,,,,,,,,,,,,,,,,,,,,,,,,,,,,,no,6588386007902536,1,classic-editor,,,,0,,,,,"Audemars Piguet royal oak-39mm discontinued-Dark blue dial-2001 model-Available immediately-Location: Knightsbridge",,,,,,
4816,simple,,,"Day-Date Moon Phase",1,0,visible,,"Audemars Piguet, Royal Oak\n\nDay Date\n\nFeatures: Moon Phase\n\n1990's Era\n\n36mm Stainless Steel with a Dark Blue dial\n\n1 year Pacha of London warranty, Box and Free insurance valuation certificate\n\n&nbsp;",,,taxable,,1,,,0,0,,,,,1,,,36000,"Audemars Piguet",,,"https://pachaoflondon.com/wp-content/uploads/2022/01/6A3CDD1B-D2DB-496E-AF88-8C0B862CA372.jpeg, https://pachaoflondon.com/wp-content/uploads/2022/01/6A3CDD1B-D2DB-496E-AF88-8C0B862CA372.jpeg, https://pachaoflondon.com/wp-content/uploads/2022/01/thumbnail_FC2866CF-72C7-4B27-B3CA-F781C11CB02B.jpg, https://pachaoflondon.com/wp-content/uploads/2022/01/thumbnail_05807947-7865-4804-89E9-E1E704CA7F2F.jpg, https://pachaoflondon.com/wp-content/uploads/2022/01/thumbnail_27EC6D92-61F8-4F68-8A2E-8E75C5F02817.jpg, https://pachaoflondon.com/wp-content/uploads/2022/01/thumbnail_74BA7ABE-AD7D-43F7-BEA8-9658F46C432D.jpg",,,,,,,,,0,,"36mm Stainless Steel with a Dark Blue dial",field_586a50d32fdc2,25594ST.OO.0789ST.03,field_586bc3c6214bc,,field_586bc3e2214bd,Watch,field_58752651bb382,Pre-owned,field_587526d8bb384,"1 (mint)",field_586bc400214be,Yes,field_5873b9289d99a,,field_5873b92d9d99b,Unisex,field_586bc406214bf,London,field_586bc413214c0,,field_586bb3707b79a,Immediately,field_5873b849ba10d,,field_587526abbb383,Automatic,field_586bc437214c2,,field_5873d1f749c2b,,field_5873d20849c2c,,field_5873d21249c2d,Steel,field_586bc452214c4,,field_586bc45d214c5,,field_586bc469214c6,"Fold clasp",field_586bc477214c7,"Stainless Steel",field_586bc488214c8,Steel,field_586bc49b214ca,36,field_586b745e69a7d,,field_586bc4ad214cb,"Stainless Steel",field_586bc4b5214cc,"Sapphire Glass",field_586bc4c4214cd,Blue,field_586bc4ce214ce,"No numerals",field_5873d2a341247,,field_586bc4dd214d0,,field_586bc4f2214d2,9,90,4821884457895002,,,,,,,,,,,,,,,,,,no,,,,,,,,,,,,,yes,yes,,product,,,,,,,,,,,,,,,,,,,,,,,,,,,,,,,,,,,no,4821884511228330,1,classic-editor,,,,0,,,,,"Audemars Piguet-Royal Oak-Stainless steel, dark blue dial-Circa 1990-Available immediately-Location: Knightsbridge",,,,,,
4997,simple,,,"Happy Sport",1,0,visible,,"Chopard Happy Sport\n\nRef: 28/8946\n\n38mm Stainless Steel with Factory Floating Diamond Dial and Diamond Bezel\n\nSilver Snowflake Dial\n\n1 year Pacha of London warranty, Box and Free insurance valuation certificate",,,taxable,,1,,,0,0,,,,,1,,,6500,"Watches > Chopard",,,"https://pachaoflondon.com/wp-content/uploads/2022/02/IMG_4148.heic, https://pachaoflondon.com/wp-content/uploads/2022/02/IMG_4148.heic, https://pachaoflondon.com/wp-content/uploads/2022/02/Happy-Sport-front-side-2-scaled.jpg, https://pachaoflondon.com/wp-content/uploads/2022/02/Happy-Sport-side-scaled.jpg, https://pachaoflondon.com/wp-content/uploads/2022/02/Happy-Sport-back-scaled.jpg",,,,,,,,,0,,"38mm Stainless Steel with Factory Floating Diamond Dial and Diamond Bezel",field_586a50d32fdc2,28/8946,field_586bc3c6214bc,,field_586bc3e2214bd,Watch,field_58752651bb382,Pre-owned,field_587526d8bb384,"1 (mint)",field_586bc400214be,Yes,field_5873b9289d99a,,field_5873b92d9d99b,Women’s,field_586bc406214bf,London,field_586bc413214c0,,field_586bb3707b79a,Immediately,field_5873b849ba10d,,field_587526abbb383,Quartz,field_586bc437214c2,,field_5873d1f749c2b,,field_5873d20849c2c,,field_5873d21249c2d,Steel,field_586bc452214c4,,field_586bc45d214c5,,field_586bc469214c6,"Fold clasp, hidden",field_586bc477214c7,"Stainless Steel",field_586bc488214c8,,field_586bc49b214ca,38,field_586b745e69a7d,,field_586bc4ad214cb,"Factory Diamond",field_586bc4b5214cc,"Sapphire Glass",field_586bc4c4214cd,Silver,field_586bc4ce214ce,"No numerals",field_5873d2a341247,,field_586bc4dd214d0,,field_586bc4f2214d2,24,90,4740317922684224,,,,,,,,,,,,,,,,,,no,,,,,,,,,,,,,yes,yes,,product,,,,,,,,,,,,,,,,,,,,,,,,,,,,,,,,,,,no,4740317972684219,1,classic-editor,,,,0,,,,,,,,,,,
5076,simple,,,"Classic MDM Daydate Limited Edition",1,0,visible,,"Hublot Classic MDM Daydate\n\nRef: 1840.8\n\n39mm Rose Gold on a Black Rubber Strap\n\nChampagne Dial\n\nLimited to 200 Pieces\n\n1 year Pacha of London warranty, Box and Free insurance valuation certificate\n\n&nbsp;\n\n&nbsp;",,,taxable,,1,,,0,0,,,,,1,,,8500,Hublot,,,"https://pachaoflondon.com/wp-content/uploads/2022/02/CD2F9E52-865D-4AD4-B23C-58F8C9862E88.jpg, https://pachaoflondon.com/wp-content/uploads/2022/02/CD2F9E52-865D-4AD4-B23C-58F8C9862E88.jpg, https://pachaoflondon.com/wp-content/uploads/2022/02/thumbnail_C633C29A-5D3A-4277-A3B4-8FF49CFB9580.jpg, https://pachaoflondon.com/wp-content/uploads/2022/02/thumbnail_1665084D-C69C-47FB-BE23-D09E0F5CF1B2.jpg, https://pachaoflondon.com/wp-content/uploads/2022/02/thumbnail_B716BBB3-66BE-4AEC-A888-7E4C37AFA06C.jpg, https://pachaoflondon.com/wp-content/uploads/2022/02/thumbnail_F651748A-4AA4-412B-BC44-D5A530B13B87.jpg",,,,,,,,,0,,"39mm Rose Gold on a Black Rubber Strap",field_586a50d32fdc2,1840.8,field_586bc3c6214bc,,field_586bc3e2214bd,Watch,field_58752651bb382,Pre-owned,field_587526d8bb384,"1 (mint)",field_586bc400214be,Yes,field_5873b9289d99a,,field_5873b92d9d99b,Men’s,field_586bc406214bf,London,field_586bc413214c0,,field_586bb3707b79a,Immediately,field_5873b849ba10d,,field_587526abbb383,Automatic,field_586bc437214c2,,field_5873d1f749c2b,,field_5873d20849c2c,,field_5873d21249c2d,Rubber,field_586bc452214c4,Black,field_586bc45d214c5,,field_586bc469214c6,"Double-fold clasp",field_586bc477214c7,"18K Rose Gold",field_586bc488214c8,"Pink gold",field_586bc49b214ca,39,field_586b745e69a7d,,field_586bc4ad214cb,"18K Rose Gold",field_586bc4b5214cc,"Sapphire Glass",field_586bc4c4214cd,Gold,field_586bc4ce214ce,"No numerals",field_5873d2a341247,,field_586bc4dd214d0,,field_586bc4f2214d2,14,90,4939840119467142,,,,,,,,,,,,,,,,,,no,,,,,,,,,,,,,yes,yes,,product,,,,,,,,,,,,,,,,,,,,,,,,,,,,,,,,,,,no,4939840186133802,1,classic-editor,,,,0,,,,,,,,,,,
5100,simple,,,Datejust,1,0,visible,,"Rolex Datejust\n\nRef: 116000\n\n36mm case size\n\nStainless Steel on an Oyster Bracelet with a Silver Concentric Dial\n\nDated 2009 Complete Box and Papers\n\n1 year Pacha of London warranty and Free insurance valuation certificate\n\n&nbsp;",,,taxable,,1,,,0,0,,,,,1,,,6000,Rolex,,,"https://pachaoflondon.com/wp-content/uploads/2022/03/Photoroom_20250129_151157.jpg, https://pachaoflondon.com/wp-content/uploads/2022/03/Photoroom_20250129_151157.jpg, https://pachaoflondon.com/wp-content/uploads/2022/03/oppp.jpg, https://pachaoflondon.com/wp-content/uploads/2022/03/thumbnail_CACC0566-F3CA-4AE3-A88C-035894E5F9DE.jpg, https://pachaoflondon.com/wp-content/uploads/2022/03/dddddd.jpg",,,,,,,,,0,,"36mm Stainless Steel on an Oyster Bracelet with a Silver Concentric Dial",field_586a50d32fdc2,116000,field_586bc3c6214bc,,field_586bc3e2214bd,Watch,field_58752651bb382,Pre-owned,field_587526d8bb384,"1 (mint)",field_586bc400214be,Yes,field_5873b9289d99a,Yes,field_5873b92d9d99b,Men’s,field_586bc406214bf,London,field_586bc413214c0,2009,field_586bb3707b79a,Immediately,field_5873b849ba10d,,field_587526abbb383,Automatic,field_586bc437214c2,,field_5873d1f749c2b,,field_5873d20849c2c,,field_5873d21249c2d,Steel,field_586bc452214c4,,field_586bc45d214c5,,field_586bc469214c6,"Fold clasp",field_586bc477214c7,"Stainless Steel",field_586bc488214c8,Steel,field_586bc49b214ca,36,field_586b745e69a7d,,field_586bc4ad214cb,"Stainless Steel",field_586bc4b5214cc,"Sapphire Glass",field_586bc4c4214cd,Silver,field_586bc4ce214ce,"No numerals",field_5873d2a341247,,field_586bc4dd214d0,,field_586bc4f2214d2,8,90,4619237278185709,,,,,,,,,,,,,,,,,,no,,,,,,,,,,,,,yes,yes,,product,,,,,,,,,,,,,,,,,,,,,,,,,,,,,,,,,,,no,4619237351519035,1,classic-editor,,,,0,,,,,"Rolex-Oyster perpetual-11600-Stainless steel, oyster bracelet-Very good condition-2009 model-Available immediately-Location: Knightsbridge",,,,,,
5105,simple,,,Sea-Dweller,1,0,visible,,"Rolex Sea-Dweller-16600\n\n40mm case size\n\nStainless Steel, black dial\n\nDated 2007 Box, Service Papers and Service Stickers\n\n1 year Pacha of London warranty and Free insurance valuation certificate",,,taxable,,1,,,0,0,,,,,1,,,11000,Rolex,,,"https://pachaoflondon.com/wp-content/uploads/2022/03/Photoroom_20250129_151724.jpg, https://pachaoflondon.com/wp-content/uploads/2022/03/Photoroom_20250129_151724.jpg, https://pachaoflondon.com/wp-content/uploads/2022/03/sss.jpg, https://pachaoflondon.com/wp-content/uploads/2022/03/seadweller.jpg, https://pachaoflondon.com/wp-content/uploads/2022/03/thumbnail_5894F11B-5CF4-4C16-BC55-CEB22D228E02.jpg, https://pachaoflondon.com/wp-content/uploads/2022/03/thumbnail_EE74F776-0B87-4C55-A991-AA9D910EF2A8.jpg",,,,,,,,,0,,"40mm Stainless Steel with a Black Bezel and Black Dial ",field_586a50d32fdc2,16600,field_586bc3c6214bc,,field_586bc3e2214bd,Watch,field_58752651bb382,Pre-owned,field_587526d8bb384,"1 (mint)",field_586bc400214be,Yes,field_5873b9289d99a,,field_5873b92d9d99b,Men’s,field_586bc406214bf,London,field_586bc413214c0,2007,field_586bb3707b79a,Immediately,field_5873b849ba10d,,field_587526abbb383,Automatic,field_586bc437214c2,,field_5873d1f749c2b,,field_5873d20849c2c,,field_5873d21249c2d,Steel,field_586bc452214c4,,field_586bc45d214c5,,field_586bc469214c6,"Fold clasp",field_586bc477214c7,"Stainless Steel",field_586bc488214c8,,field_586bc49b214ca,40,field_586b745e69a7d,,field_586bc4ad214cb,"Stainless Steel",field_586bc4b5214cc,"Sapphire Glass",field_586bc4c4214cd,Black,field_586bc4ce214ce,"No numerals",field_5873d2a341247,,field_586bc4dd214d0,,field_586bc4f2214d2,8,90,4963805410343379,,,,,,,,,,,,,,,,,,no,,,,,,,,,,,,,yes,yes,,product,,,,,,,,,,,,,,,,,,,,,,,,,,,,,,,,,,,no,4963805420343378,1,classic-editor,,,,0,,,,,"Rolex-Seadweller-16600-Stainless steel, oyster bracelet-Good condition-Service papers from Rolex-Dated 2007-Available Immediately-Location; Knightsbridge",,,,,,
5212,simple,,,"Formula 1 Edition",1,0,visible,,"Tag Heuer Formula 1 Edition\n\nRef: WAU1112\n\n42mm case size\n\nStainless Steel with a Small Second Subdial\n\nBlack Dial\n\nBox and Service Papers\n\n1 year Pacha of London warranty and Free insurance valuation certificate",,,taxable,,1,,,0,0,,,,,1,,,1000,"Watches > Tag Heuer",,,"https://pachaoflondon.com/wp-content/uploads/2022/03/FCE05423-7021-4FED-936A-0285769255D4.jpg, https://pachaoflondon.com/wp-content/uploads/2022/03/FCE05423-7021-4FED-936A-0285769255D4.jpg, https://pachaoflondon.com/wp-content/uploads/2022/03/tag-Formula-1-front-side-scaled.jpg, https://pachaoflondon.com/wp-content/uploads/2022/03/tag-Formula-1-side-scaled.jpg",,,,,,,,,0,,"42mm, Stainless Steel, Small Second Sub dial ",field_586a50d32fdc2,WAU1112,field_586bc3c6214bc,,field_586bc3e2214bd,Watch,field_58752651bb382,Pre-owned,field_587526d8bb384,"1 (mint)",field_586bc400214be,Yes,field_5873b9289d99a,,field_5873b92d9d99b,Men’s,field_586bc406214bf,London,field_586bc413214c0,,field_586bb3707b79a,Immediately,field_5873b849ba10d,,field_587526abbb383,Quartz,field_586bc437214c2,,field_5873d1f749c2b,,field_5873d20849c2c,,field_5873d21249c2d,Steel,field_586bc452214c4,,field_586bc45d214c5,,field_586bc469214c6,"Double-fold clasp",field_586bc477214c7,"Stainless Steel",field_586bc488214c8,Steel,field_586bc49b214ca,42,field_586b745e69a7d,,field_586bc4ad214cb,"Stainless Steel",field_586bc4b5214cc,"Sapphire Glass",field_586bc4c4214cd,Black,field_586bc4ce214ce,"No numerals",field_5873d2a341247,,field_586bc4dd214d0,,field_586bc4f2214d2,25,90,5570069873020852,,,,,,,,,,,,,,,,,,no,,,,,,,,,,,,,yes,yes,,product,,,,,,,,,,,,,,,,,,,,,,,,,,,,,,,,,,,no,5570069943020845,1,,,,,0,,,,,,,,,,,
5232,simple,,,Roadster,1,0,visible,,"Cartier Roadster\n\nRef: 2510\n\n38mm case size\n\nStainless Steel with a Black Dial\n\nCustomised diamond bezel\n\nWhite and Red Arabic hour markers\n\n1 year Pacha of London warranty, Box and Free insurance valuation certificate\n\n&nbsp;",,,taxable,,1,,,0,0,,,,,1,,,4950,Cartier,,,"https://pachaoflondon.com/wp-content/uploads/2022/03/FEF90F63-D7C6-4CA8-9150-68A6966C4C1B.jpg, https://pachaoflondon.com/wp-content/uploads/2022/03/FEF90F63-D7C6-4CA8-9150-68A6966C4C1B.jpg, https://pachaoflondon.com/wp-content/uploads/2022/03/thumbnail_04FECB6B-9263-4973-9F8B-13D502E31AB1.jpg, https://pachaoflondon.com/wp-content/uploads/2022/03/thumbnail_3E14DDE2-D72A-4E9F-A150-1D282201E6E7.jpg, https://pachaoflondon.com/wp-content/uploads/2022/03/thumbnail_70CDB381-7F59-46A0-8435-6D00B3F6477A.jpg",,,,,,,,,0,,"38mm Stainless Steel with a Black Dial",field_586a50d32fdc2,2510,field_586bc3c6214bc,,field_586bc3e2214bd,,field_58752651bb382,Pre-owned,field_587526d8bb384,"1 (mint)",field_586bc400214be,Yes,field_5873b9289d99a,,field_5873b92d9d99b,Men’s,field_586bc406214bf,London,field_586bc413214c0,,field_586bb3707b79a,Immediately,field_5873b849ba10d,,field_587526abbb383,Automatic,field_586bc437214c2,,field_5873d1f749c2b,,field_5873d20849c2c,,field_5873d21249c2d,Steel,field_586bc452214c4,,field_586bc45d214c5,,field_586bc469214c6,"Double-fold clasp",field_586bc477214c7,"Stainless Steel",field_586bc488214c8,Steel,field_586bc49b214ca,38,field_586b745e69a7d,,field_586bc4ad214cb,"Custom Diamonds",field_586bc4b5214cc,"Sapphire Glass",field_586bc4c4214cd,Black,field_586bc4ce214ce,,field_5873d2a341247,,field_586bc4dd214d0,,field_586bc4f2214d2,12,90,7236258309779446,,,,,,,,,,,,,,,,,,no,,,,,,,,,,,,,yes,yes,,product,,,,,,,,,,,,,,,,,,,,,,,,,,,,,,,,,,,no,7236258433112767,1,classic-editor,,,,0,,,,,,,,,,,
5242,simple,,,Constellation,1,0,visible,,"Omega Constellation\n\nRef: 11623000\n\n22.5mm case size\n\n18k Yellow Gold with a White Dial\n\nDated 2004 Complete Box and Papers\n\n1 year Pacha of London warranty and Free insurance valuation certificate\n\n&nbsp;",,,taxable,,1,,,0,0,,,,,1,,,4750,Omega,,,"https://pachaoflondon.com/wp-content/uploads/2022/03/Photoroom_20250226_152919.jpg, https://pachaoflondon.com/wp-content/uploads/2022/03/Photoroom_20250226_152919.jpg, https://pachaoflondon.com/wp-content/uploads/2022/03/22.5mm-constellation-gold-front-side-scaled.jpg, https://pachaoflondon.com/wp-content/uploads/2022/03/22.5mm-constellation-gold-side-1-scaled.jpg, https://pachaoflondon.com/wp-content/uploads/2022/03/22.5mm-constellation-gold-back-scaled.jpg",,,,,,,,,0,,"22.5mm, 18k Yellow Gold , White Dial",field_586a50d32fdc2,11623000,field_586bc3c6214bc,,field_586bc3e2214bd,Watch,field_58752651bb382,Pre-owned,field_587526d8bb384,"1 (mint)",field_586bc400214be,Yes,field_5873b9289d99a,Yes,field_5873b92d9d99b,Women’s,field_586bc406214bf,London,field_586bc413214c0,2004,field_586bb3707b79a,Immediately,field_5873b849ba10d,,field_587526abbb383,Quartz,field_586bc437214c2,,field_5873d1f749c2b,,field_5873d20849c2c,,field_5873d21249c2d,"Yellow Gold",field_586bc452214c4,,field_586bc45d214c5,,field_586bc469214c6,"Double-fold clasp",field_586bc477214c7,"18k Yellow Gold",field_586bc488214c8,"Yellow gold",field_586bc49b214ca,22.5,field_586b745e69a7d,,field_586bc4ad214cb,"18k Yellow Gold",field_586bc4b5214cc,"Sapphire Glass",field_586bc4c4214cd,White,field_586bc4ce214ce,,field_5873d2a341247,,field_586bc4dd214d0,,field_586bc4f2214d2,18,90,7636951696316676,,,,,,,,,,,,,,,,,,no,,,,,,,,,,,,,yes,yes,,product,,,,,,,,,,,,,,,,,,,,,,,,,,,,,,,,,,,no,7636951766316669,1,classic-editor,,,,0,,,,,"Omega, Constellation, 18k yellow gold, 22.5mm, Year 2004, Ref: 11623000. Available in Knightsbridge, London.",,,,,,
5248,simple,,,Constellation,1,0,visible,,"Omega Constellation\n\nRef: 11623000\n\n22.5mm case size\n\n18k Yellow Gold with a Mother of Pearl Dial\n\n1 year Pacha of London warranty, Box and Free insurance valuation certificate",,,taxable,,1,,,0,0,,,,,1,,,5000,Omega,,,"https://pachaoflondon.com/wp-content/uploads/2022/03/Photoroom_20250226_150813.jpg, https://pachaoflondon.com/wp-content/uploads/2022/03/Photoroom_20250226_150813.jpg, https://pachaoflondon.com/wp-content/uploads/2022/03/constellation-mop-dial-front-side-scaled.jpg, https://pachaoflondon.com/wp-content/uploads/2022/03/constellation-mop-dial-back-scaled.jpg, https://pachaoflondon.com/wp-content/uploads/2022/03/constellation-mop-dial-side-scaled.jpg",,,,,,,,,0,,"22.5mm 18k Yellow Gold with a Mother of Pearl Dial",field_586a50d32fdc2,11623000,field_586bc3c6214bc,,field_586bc3e2214bd,Watch,field_58752651bb382,Pre-owned,field_587526d8bb384,"1 (mint)",field_586bc400214be,Yes,field_5873b9289d99a,No,field_5873b92d9d99b,Women’s,field_586bc406214bf,London,field_586bc413214c0,,field_586bb3707b79a,Immediately,field_5873b849ba10d,,field_587526abbb383,Quartz,field_586bc437214c2,,field_5873d1f749c2b,,field_5873d20849c2c,,field_5873d21249c2d,"Yellow Gold",field_586bc452214c4,,field_586bc45d214c5,,field_586bc469214c6,"Double-fold clasp",field_586bc477214c7,"18k Yellow Gold",field_586bc488214c8,"Yellow gold",field_586bc49b214ca,22.5,field_586b745e69a7d,,field_586bc4ad214cb,"18k Yellow Gold",field_586bc4b5214cc,"Sapphire Glass",field_586bc4c4214cd,"Mother of pearl",field_586bc4ce214ce,"No numerals",field_5873d2a341247,,field_586bc4dd214d0,,field_586bc4f2214d2,18,90,4729334480509336,,,,,,,,,,,,,,,,,,no,,,,,,,,,,,,,yes,yes,,product,,,,,,,,,,,,,,,,,,,,,,,,,,,,,,,,,,,no,4729334497176001,1,classic-editor,,,,0,,,,,"Omega, constellation, 18k yellow gold, mother of pearl dial, 22.5mm, Ref: 11623000",,,,,,
5263,simple,,,Constellation,1,0,visible,,"Omega Constellation\n\nRef: 1262.15.00\n\n23mm case size\n\nStainless Steel and Yellow Gold with a Champagne Dial\n\n1 year Pacha of London warranty, Box and Free Insurance Valuation certificate\n\n&nbsp;",,,taxable,,1,,,0,0,,,,,1,,,1250,Omega,,,"https://pachaoflondon.com/wp-content/uploads/2022/03/Photoroom_20250227_135409.jpg, https://pachaoflondon.com/wp-content/uploads/2022/03/Photoroom_20250227_135409.jpg, https://pachaoflondon.com/wp-content/uploads/2022/03/Photoroom_20250227_141904.jpg, https://pachaoflondon.com/wp-content/uploads/2022/03/24mm-constellation-steel-and-gold-front-side-scaled.jpg, https://pachaoflondon.com/wp-content/uploads/2022/03/24mm-constellation-steel-and-gold-back-scaled.jpg, https://pachaoflondon.com/wp-content/uploads/2022/03/24mm-constellation-steel-and-gold-side-scaled.jpg",,,,,,,,,0,,"23mm Stainless Steel and Yellow Gold with a Champagne Dial",field_586a50d32fdc2,1262.15.00,field_586bc3c6214bc,,field_586bc3e2214bd,Watch,field_58752651bb382,Pre-owned,field_587526d8bb384,"1 (mint)",field_586bc400214be,Yes,field_5873b9289d99a,No,field_5873b92d9d99b,Women’s,field_586bc406214bf,London,field_586bc413214c0,,field_586bb3707b79a,Immediately,field_5873b849ba10d,,field_587526abbb383,Quartz,field_586bc437214c2,,field_5873d1f749c2b,,field_5873d20849c2c,,field_5873d21249c2d,Gold/Steel,field_586bc452214c4,,field_586bc45d214c5,,field_586bc469214c6,"Double-fold clasp",field_586bc477214c7,"Steel and Yellow Gold",field_586bc488214c8,"Yellow gold",field_586bc49b214ca,23,field_586b745e69a7d,,field_586bc4ad214cb,"18k Yellow Gold",field_586bc4b5214cc,"Sapphire Glass",field_586bc4c4214cd,Gold,field_586bc4ce214ce,"No numerals",field_5873d2a341247,,field_586bc4dd214d0,,field_586bc4f2214d2,18,90,5364307080246255,,,,,,,,,,,,,,,,,,no,,,,,,,,,,,,,yes,yes,,product,,,,,,,,,,,,,,,,,,,,,,,,,,,,,,,,,,,no,5364307093579587,1,,,,,0,,,,,,,,,,,
5404,simple,,,"Conquistador Cortez",1,0,visible,,"Franck Muller Conquistador Cortez.\n\nRef: 10000 K CC.\n\n45mm case size.\n\nStainless Steel on a Black Rubber Strap.\n\nBlack Chronograph Dial.\n\n1 year Pacha of London warranty, Box and Free insurance valuation certificate.\n\n&nbsp;",,,taxable,,1,,,0,0,,,,,1,,,7500,"Watches > Franck Muller",,,"https://pachaoflondon.com/wp-content/uploads/2022/05/Photoroom_20250331_162754.jpg, https://pachaoflondon.com/wp-content/uploads/2022/05/Photoroom_20250331_162754.jpg, https://pachaoflondon.com/wp-content/uploads/2022/05/thumbnail_EEC7434B-4919-4EB0-AA94-B4375CD9AF96.jpg, https://pachaoflondon.com/wp-content/uploads/2022/05/thumbnail_A4F2128F-33A2-420E-87E4-2FFD47D220CA.jpg, https://pachaoflondon.com/wp-content/uploads/2022/05/thumbnail_A0330835-3834-4952-85B8-B173C8D4FCCC.jpg, https://pachaoflondon.com/wp-content/uploads/2022/05/thumbnail_99185566-0741-409C-B426-8CE34EA04ABA.jpg",,,,,,,,,0,,"45mm, Stainless Steel, Black Rubber Strap, Black Chronograph Dial",field_586a50d32fdc2,"10000 K CC",field_586bc3c6214bc,,field_586bc3e2214bd,Watch,field_58752651bb382,Pre-owned,field_587526d8bb384,"1 (mint)",field_586bc400214be,Yes,field_5873b9289d99a,,field_5873b92d9d99b,Men’s,field_586bc406214bf,London,field_586bc413214c0,,field_586bb3707b79a,Immediately,field_5873b849ba10d,,field_587526abbb383,Automatic,field_586bc437214c2,,field_5873d1f749c2b,,field_5873d20849c2c,,field_5873d21249c2d,Rubber,field_586bc452214c4,Black,field_586bc45d214c5,,field_586bc469214c6,Buckle,field_586bc477214c7,"Stainless Steel",field_586bc488214c8,Steel,field_586bc49b214ca,45,field_586b745e69a7d,,field_586bc4ad214cb,"Stainless Steel",field_586bc4b5214cc,"Sapphire Glass",field_586bc4c4214cd,Black,field_586bc4ce214ce,"No numerals",field_5873d2a341247,,field_586bc4dd214d0,,field_586bc4f2214d2,20,90,5013719012077667,,,,,,,,,,,,,,,,,,no,,,,,,,,,,,,,yes,yes,,product,,,,,,,,,,,,,,,,,,,,,,,,,,,,,,,,,,,no,5013719032077665,1,classic-editor,,,,0,,,,,"Franck Muller Conquistador Cortez.Ref: 10000 K CC.45mm case. Stainless Steel on a Black Rubber Strap.Black Chronograph Dial.",,,,,,
5620,simple,,,"Ferrari Ratrapante",1,0,visible,,"Panerai Ferrari Ratrapante\n\nRef: FER00005\n\n45mm case\n\nStainless Steel on a Black Leather Strap\n\nChronograph dial\n\nBox and papers dated 2006\n\n1 year Pacha of London warranty and Free insurance valuation certificate included",,,taxable,,1,,,0,0,,,,,1,,,5500,Panerai,,,"https://pachaoflondon.com/wp-content/uploads/2022/07/Photoroom_20250227_141744.jpg, https://pachaoflondon.com/wp-content/uploads/2022/07/Photoroom_20250227_141744-1.jpg, https://pachaoflondon.com/wp-content/uploads/2022/07/thumbnail_BD667C0B-6BF3-408F-B6F7-48D0C6084227.jpg, https://pachaoflondon.com/wp-content/uploads/2022/07/thumbnail_941379B6-ED52-40C6-8DB6-F5FF481ECF82.jpg, https://pachaoflondon.com/wp-content/uploads/2022/07/thumbnail_6E4B636B-F42A-443A-8ED1-51DC8272A9CC.jpg",,,,,,,,,0,,"45mm Stainless Steel on a Black Leather Strap and a Chronograph Black Dial ",field_586a50d32fdc2,FER00005,field_586bc3c6214bc,,field_586bc3e2214bd,Watch,field_58752651bb382,Pre-owned,field_587526d8bb384,"1 (mint)",field_586bc400214be,Yes,field_5873b9289d99a,Yes,field_5873b92d9d99b,Men’s,field_586bc406214bf,London,field_586bc413214c0,2006,field_586bb3707b79a,Immediately,field_5873b849ba10d,,field_587526abbb383,Automatic,field_586bc437214c2,,field_5873d1f749c2b,,field_5873d20849c2c,,field_5873d21249c2d,Leather,field_586bc452214c4,Black,field_586bc45d214c5,,field_586bc469214c6,"Double-fold clasp",field_586bc477214c7,"Stainless Steel",field_586bc488214c8,Steel,field_586bc49b214ca,45,field_586b745e69a7d,,field_586bc4ad214cb,"Stainless Steel",field_586bc4b5214cc,"Sapphire Glass",field_586bc4c4214cd,Black,field_586bc4ce214ce,"No numerals",field_5873d2a341247,,field_586bc4dd214d0,,field_586bc4f2214d2,15,90,7914886541917376,,,,,,,,,,,,,,,,,,no,,,,,,,,,,,,,yes,yes,,product,,,,,,,,,,,,,,,,,,,,,,,,,,,,,,,,,,,no,7914886578584039,1,classic-editor,,,,0,,,,,"Panerai Ferrari Ratrapante-Ref: FER00005-45mm case-Stainless Steel on a Black Leather Strap-Chronograph dial-2006 model ",,,,,,
5684,simple,,,Constellation,1,0,visible,,"Omega Constellation\n\nref: 1212.10.00\n\n33.5mm case size\n\nStainless Steel and Yellow Gold with a Champagne Dial\n\nQuartz Movement\n\n1 year Pacha of London warranty, Box and Free insurance valuation certificate included\n\n&nbsp;",,,taxable,,1,,,0,0,,,,,1,,,2250,Omega,,,"https://pachaoflondon.com/wp-content/uploads/2022/08/Photoroom_20250227_135542.jpg, https://pachaoflondon.com/wp-content/uploads/2022/08/Photoroom_20250227_135542.jpg, https://pachaoflondon.com/wp-content/uploads/2022/08/33.5mm-constellation-sttel-and-gold-front-side-scaled.jpg, https://pachaoflondon.com/wp-content/uploads/2022/08/33.5mm-constellation-sttel-and-gold-side-1-scaled.jpg, https://pachaoflondon.com/wp-content/uploads/2022/08/33.5mm-constellation-sttel-and-gold-back-scaled.jpg",,,,,,,,,0,,"33.5mm Stainless Steel and Yellow Gold with a Champagne Dial",field_586a50d32fdc2,1212.10.00,field_586bc3c6214bc,,field_586bc3e2214bd,Watch,field_58752651bb382,Pre-owned,field_587526d8bb384,"1 (mint)",field_586bc400214be,Yes,field_5873b9289d99a,,field_5873b92d9d99b,Unisex,field_586bc406214bf,London,field_586bc413214c0,,field_586bb3707b79a,Immediately,field_5873b849ba10d,,field_587526abbb383,Quartz,field_586bc437214c2,,field_5873d1f749c2b,,field_5873d20849c2c,,field_5873d21249c2d,Gold/Steel,field_586bc452214c4,,field_586bc45d214c5,,field_586bc469214c6,"Fold clasp, hidden",field_586bc477214c7,"Steel and Yellow Gold",field_586bc488214c8,"Yellow gold",field_586bc49b214ca,33.5,field_586b745e69a7d,,field_586bc4ad214cb,"18k Yellow Gold",field_586bc4b5214cc,"Sapphire Glass",field_586bc4c4214cd,Gold,field_586bc4ce214ce,"No numerals",field_5873d2a341247,,field_586bc4dd214d0,,field_586bc4f2214d2,18,90,5247610525288449,,,,,,,,,,,,,,,,,,no,,,,,,,,,,,,,yes,yes,,product,,,,,,,,,,,,,,,,,,,,,,,,,,,,,,,,,,,no,5247610568621778,1,,,,,0,,,,,,,,,,,
5776,simple,,,Aquatimer,1,0,visible,,"IWC Aquatimer\n\nRef: Iw371933\n\n42mm case\n\nStainless Steel on a Black Rubber Strap with a Pin Buckle and a Black Chronograph Dial\n\nAutomatic Movement\n\n1 year Pacha of London warranty, Box and Free insurance valuation certificate included\n\n&nbsp;\n\n&nbsp;",,,taxable,,1,,,0,0,,,,,1,,,4000,Iwc,,,"https://pachaoflondon.com/wp-content/uploads/2022/09/Photoroom_20250227_134954.jpg, https://pachaoflondon.com/wp-content/uploads/2022/09/Photoroom_20250227_134954.jpg, https://pachaoflondon.com/wp-content/uploads/2022/09/thumbnail_5A03C932-A827-4C6C-9794-B5D6BF7AC630.jpg, https://pachaoflondon.com/wp-content/uploads/2022/09/thumbnail_0A79A946-38E0-47BA-9CB2-0541FAE869B4.jpg, https://pachaoflondon.com/wp-content/uploads/2022/09/thumbnail_0A913BC5-3454-4B8F-A4D7-0C6836A6A02C.jpg, https://pachaoflondon.com/wp-content/uploads/2022/09/thumbnail_D5D33BD3-B3BB-4D2E-85E7-7C6F9F925B0B.jpg",,,,,,,,,0,,"42mm Stainless Steel on a Black Rubber Strap with a Pin Buckle and a Black Chronograph Dial",field_586a50d32fdc2,Iw371933,field_586bc3c6214bc,,field_586bc3e2214bd,Watch,field_58752651bb382,Pre-owned,field_587526d8bb384,"1 (mint)",field_586bc400214be,Yes,field_5873b9289d99a,,field_5873b92d9d99b,Men’s,field_586bc406214bf,London,field_586bc413214c0,,field_586bb3707b79a,Immediately,field_5873b849ba10d,,field_587526abbb383,Automatic,field_586bc437214c2,,field_5873d1f749c2b,,field_5873d20849c2c,,field_5873d21249c2d,Rubber,field_586bc452214c4,Black,field_586bc45d214c5,,field_586bc469214c6,Buckle,field_586bc477214c7,"Stainless Steel",field_586bc488214c8,Steel,field_586bc49b214ca,42,field_586b745e69a7d,,field_586bc4ad214cb,"Stainless Steel",field_586bc4b5214cc,"Sapphire Glass",field_586bc4c4214cd,Black,field_586bc4ce214ce,"No numerals",field_5873d2a341247,,field_586bc4dd214d0,,field_586bc4f2214d2,17,90,5420946991314903,,,,,,,,,,,,,,,,,,no,,,,,,,,,,,,,yes,yes,,product,,,,,,,,,,,,,,,,,,,,,,,,,,,,,,,,,,,no,5420947027981566,1,classic-editor,,,,0,,,,,,,,,,,
5843,simple,,,"Big Bang",1,0,visible,,"Hublot Big Bang\n\nRef: 341.PB.131.RX\n\n41mm case\n\n18k Rose Gold case with a black Ceramic bezel on a black rubber strap\n\nBlack chronograph Dial\n\n1 year Pacha of London warranty, Box and Free insurance valuation ceritficate\n\n&nbsp;",,,taxable,,1,,,0,0,,,,,1,,,15000,Hublot,,,"https://pachaoflondon.com/wp-content/uploads/2022/11/Photoroom_20250221_155730.jpg, https://pachaoflondon.com/wp-content/uploads/2022/11/Photoroom_20250221_155730.jpg, https://pachaoflondon.com/wp-content/uploads/2022/11/41mm-rose-gold-front-side-scaled.jpg, https://pachaoflondon.com/wp-content/uploads/2022/11/41mm-rose-gold-side-scaled.jpg, https://pachaoflondon.com/wp-content/uploads/2022/11/41mm-rose-gold-side-2-scaled.jpg, https://pachaoflondon.com/wp-content/uploads/2022/11/41mm-rose-gold-back-scaled.jpg",,,,,,,,,0,,"41mm, 18k Rose Gold, Black Ceramic Bezel, chronograph, Black Rubber Strap",field_586a50d32fdc2,"341.PB.131.RX ",field_586bc3c6214bc,,field_586bc3e2214bd,Watch,field_58752651bb382,Pre-owned,field_587526d8bb384,"1 (mint)",field_586bc400214be,Yes,field_5873b9289d99a,,field_5873b92d9d99b,Men’s,field_586bc406214bf,London,field_586bc413214c0,,field_586bb3707b79a,Immediately,field_5873b849ba10d,,field_587526abbb383,Automatic,field_586bc437214c2,,field_5873d1f749c2b,,field_5873d20849c2c,,field_5873d21249c2d,Rubber,field_586bc452214c4,Black,field_586bc45d214c5,,field_586bc469214c6,"Fold clasp",field_586bc477214c7,"18k Rose Gold",field_586bc488214c8,"Pink gold",field_586bc49b214ca,41,field_586b745e69a7d,,field_586bc4ad214cb,Ceramic,field_586bc4b5214cc,"Sapphire Glass",field_586bc4c4214cd,Black,field_586bc4ce214ce,,field_5873d2a341247,,field_586bc4dd214d0,,field_586bc4f2214d2,14,90,5798034873550144,,,,,,,,,,,,,,,,,,no,,,,,,,,,,,,,yes,yes,,product,,,,,,,,,,,,,,,,,,,,,,,,,,,,,,,,,,,no,5798034946883470,1,classic-editor,,,,0,,,,,,,,,,,
5877,simple,,,Pasha,1,0,visible,,"Cartier Pasha\n\nRef: W31058m7\n\n35mm Stainless Steel with a Pink Dial\n\nAutomatic Movement\n\nDated 2006 Complete Box and Papers\n\n1 year Pacha of London warranty and Free insurance valuation certificate\n\n&nbsp;",,,taxable,,1,,,0,0,,,,,1,,,3000,Cartier,,,"https://pachaoflondon.com/wp-content/uploads/2022/11/9195A0A5-0193-45C9-BC8C-C0C04F8E6856-1.jpg, https://pachaoflondon.com/wp-content/uploads/2022/11/9195A0A5-0193-45C9-BC8C-C0C04F8E6856-1.jpg, https://pachaoflondon.com/wp-content/uploads/2022/11/thumbnail_959A7369-9757-42EB-AB7B-47A90E1F62CD.jpg, https://pachaoflondon.com/wp-content/uploads/2022/11/thumbnail_0C89970D-EC15-4EE9-A1B0-2DFA34206DB6.jpg, https://pachaoflondon.com/wp-content/uploads/2022/11/thumbnail_29C3FFC1-CF7B-4706-A4D8-DB78E3CA14E5.jpg, https://pachaoflondon.com/wp-content/uploads/2022/11/thumbnail_70E8DFE6-1530-42BF-A09F-12DFB5C09CF2.jpg",,,,,,,,,0,,"35mm Stainless Steel with a Pink Dial",field_586a50d32fdc2,w31058m7,field_586bc3c6214bc,,field_586bc3e2214bd,Watch,field_58752651bb382,Pre-owned,field_587526d8bb384,"1 (mint)",field_586bc400214be,Yes,field_5873b9289d99a,Yes,field_5873b92d9d99b,Unisex,field_586bc406214bf,London,field_586bc413214c0,2006,field_586bb3707b79a,Immediately,field_5873b849ba10d,,field_587526abbb383,Automatic,field_586bc437214c2,,field_5873d1f749c2b,,field_5873d20849c2c,,field_5873d21249c2d,Steel,field_586bc452214c4,,field_586bc45d214c5,,field_586bc469214c6,"Double-fold clasp",field_586bc477214c7,"Stainless Steel",field_586bc488214c8,Steel,field_586bc49b214ca,35,field_586b745e69a7d,,field_586bc4ad214cb,"Stainless Steel",field_586bc4b5214cc,"Sapphire Glass",field_586bc4c4214cd,Pink,field_586bc4ce214ce,"No numerals",field_5873d2a341247,,field_586bc4dd214d0,,field_586bc4f2214d2,12,90,6165128613521510,,,,,,,,,,,,,,,,,,no,,,,,,,,,,,,,yes,yes,,product,,,,,,,,,,,,,,,,,,,,,,,,,,,,,,,,,,,no,6165128660188172,1,classic-editor,,,,0,,,,,,,,,,,
5915,simple,,,"Seamaster Plant Ocean",1,0,visible,,"Omega Seamaster Plant Ocean 600m\n\nRef: 215.33.46.51.01.001.\n\n45.5mm case size\n\nStainless Steel on a Black Rubber Strap\n\nCo-Axial Master Chronometer and Chronograph\n\n1 year Pacha of London warranty, Box and Free insurance valuation certificate\n\n&nbsp;",,,taxable,,1,,,0,0,,,,,1,,,4500,Omega,,,"https://pachaoflondon.com/wp-content/uploads/2022/11/Photoroom_20250227_135836.jpg, https://pachaoflondon.com/wp-content/uploads/2022/11/Photoroom_20250227_135836.jpg, https://pachaoflondon.com/wp-content/uploads/2022/11/seamaster-front-side--scaled.jpg, https://pachaoflondon.com/wp-content/uploads/2022/11/seamaster-front-side-scaled.jpg, https://pachaoflondon.com/wp-content/uploads/2022/11/seamaster-side-scaled.jpg, https://pachaoflondon.com/wp-content/uploads/2022/11/seamaster-back-scaled.jpg",,,,,,,,,0,,"45.5mm Stainless Steel with a Black Chronograph Dial on a Black Rubber Strap",field_586a50d32fdc2,215.33.46.51.01.001.,field_586bc3c6214bc,,field_586bc3e2214bd,Watch,field_58752651bb382,Pre-owned,field_587526d8bb384,"1 (mint)",field_586bc400214be,Yes,field_5873b9289d99a,,field_5873b92d9d99b,Men’s,field_586bc406214bf,London,field_586bc413214c0,,field_586bb3707b79a,Immediately,field_5873b849ba10d,,field_587526abbb383,Automatic,field_586bc437214c2,,field_5873d1f749c2b,,field_5873d20849c2c,,field_5873d21249c2d,Rubber,field_586bc452214c4,,field_586bc45d214c5,,field_586bc469214c6,"Fold clasp",field_586bc477214c7,"Stainless Steel",field_586bc488214c8,Steel,field_586bc49b214ca,45.5,field_586b745e69a7d,,field_586bc4ad214cb,"Stainless Steel",field_586bc4b5214cc,"Sapphire Glass",field_586bc4c4214cd,Black,field_586bc4ce214ce,"No numerals",field_5873d2a341247,,field_586bc4dd214d0,,field_586bc4f2214d2,18,90,6126537490724127,,,,,,,,,,,,,,,,,,no,,,,,,,,,,,,,yes,yes,,product,,,,,,,,,,,,,,,,,,,,,,,,,,,,,,,,,,,no,6126537580724118,1,,,,,0,,,,,,,,,,,
5934,simple,,,Bvlgari,1,0,visible,,"Bvlgari Bvlagri -103132\n\n41mm Bronze Case, blue strap and Blue Dial\n\nAutomatic Movement\n\nUNWORN Dated 2021 Complete Box and Papers\n\n1 year Pacha of London warranty and Free insurance valuation certificate",,,taxable,,1,,,0,0,,,,,1,,,2750,"Watches > Bvlgari",,,"https://pachaoflondon.com/wp-content/uploads/2022/12/Photoroom_20250217_131303.jpg, https://pachaoflondon.com/wp-content/uploads/2022/12/Photoroom_20250217_131303.jpg, https://pachaoflondon.com/wp-content/uploads/2022/12/bvlgari-bronze-front-side-scaled.jpg, https://pachaoflondon.com/wp-content/uploads/2022/12/bvlgari-bronze-front-side-2-scaled.jpg, https://pachaoflondon.com/wp-content/uploads/2022/12/bvlgari-bronze-side-scaled.jpg, https://pachaoflondon.com/wp-content/uploads/2022/12/bvlgari-bronze-back-scaled.jpg, https://pachaoflondon.com/wp-content/uploads/2022/12/bvlgari-bronze-back-2-scaled.jpg",,,,,,,,,0,,"41mm, Bronze Case, blue strap, blue Dial, unworn ",field_586a50d32fdc2,103132,field_586bc3c6214bc,,field_586bc3e2214bd,Watch,field_58752651bb382,Pre-owned,field_587526d8bb384,"0 (new/unworn)",field_586bc400214be,Yes,field_5873b9289d99a,Yes,field_5873b92d9d99b,Men’s,field_586bc406214bf,London,field_586bc413214c0,2021,field_586bb3707b79a,Immediately,field_5873b849ba10d,,field_587526abbb383,Automatic,field_586bc437214c2,,field_5873d1f749c2b,,field_5873d20849c2c,,field_5873d21249c2d,Rubber,field_586bc452214c4,Blue,field_586bc45d214c5,,field_586bc469214c6,Buckle,field_586bc477214c7,Bronze,field_586bc488214c8,,field_586bc49b214ca,41,field_586b745e69a7d,,field_586bc4ad214cb,Bronze,field_586bc4b5214cc,"Sapphire Glass",field_586bc4c4214cd,Blue,field_586bc4ce214ce,"No numerals",field_5873d2a341247,,field_586bc4dd214d0,,field_586bc4f2214d2,26,90,9153515408007790,,,,,,,,,,,,,,,,,,no,,,,,,,,,,,,,yes,yes,,product,,,,,,,,,,,,,,,,,,,,,,,,,,,,,,,,,,,no,9153515454674452,1,,,,,0,,,,,,,,,,,
5962,simple,,,Constellation,1,0,visible,,"Omega Constellation\n\nRef: 1262.15.00\n\n23mm case size\n\nStainless Steel and Yellow Gold with a Factory Mother of Pearl Dial\n\nBox and warranty card available, 1997\n\n1 year Pacha of London warranty and Free insurance valuation certificate\n\n&nbsp;",,,taxable,,1,,,0,0,,,,,1,,,1750,Omega,,,"https://pachaoflondon.com/wp-content/uploads/2022/12/Photoroom_20250227_135500.jpg, https://pachaoflondon.com/wp-content/uploads/2022/12/Photoroom_20250227_135500-1.jpg, https://pachaoflondon.com/wp-content/uploads/2022/12/Photoroom_20250227_141822.jpg, https://pachaoflondon.com/wp-content/uploads/2022/12/23mm-steel-and-gold-quartz-constellation-front-side-scaled.jpg, https://pachaoflondon.com/wp-content/uploads/2022/12/23mm-steel-and-gold-quartz-constellation-front-side-2-scaled.jpg, https://pachaoflondon.com/wp-content/uploads/2022/12/23mm-steel-and-gold-quartz-constellation-back-scaled.jpg",,,,,,,,,0,,"23mm, Stainless Steel & Yellow Gold, Factory Mother of Pearl Dial, quartz",field_586a50d32fdc2,1262.15.00,field_586bc3c6214bc,,field_586bc3e2214bd,Watch,field_58752651bb382,Pre-owned,field_587526d8bb384,"1 (mint)",field_586bc400214be,Yes,field_5873b9289d99a,,field_5873b92d9d99b,Women’s,field_586bc406214bf,London,field_586bc413214c0,1997,field_586bb3707b79a,,field_5873b849ba10d,,field_587526abbb383,Quartz,field_586bc437214c2,,field_5873d1f749c2b,,field_5873d20849c2c,,field_5873d21249c2d,Gold/Steel,field_586bc452214c4,,field_586bc45d214c5,,field_586bc469214c6,"Fold clasp",field_586bc477214c7,"Steel and Yellow Gold",field_586bc488214c8,"Yellow gold",field_586bc49b214ca,23,field_586b745e69a7d,,field_586bc4ad214cb,"Yellow Gold",field_586bc4b5214cc,"Sapphire Glass",field_586bc4c4214cd,"Mother of pearl",field_586bc4ce214ce,,field_5873d2a341247,,field_586bc4dd214d0,,field_586bc4f2214d2,18,90,5472726479502926,,,,,,,,,,,,,,,,,,no,,,,,,,,,,,,,yes,yes,,product,,,,,,,,,,,,,,,,,,,,,,,,,,,,,,,,,,,no,5472731532835754,1,,,,,0,,,,,,,,,,,
6013,simple,,,"Octo Finissimo",1,0,visible,,"Bvlgari Octo Finissimo- 103068\n\nRRP £18,500\n\n42mm Titanium with a grey Chronograph Dial\n\nUnworn Dated 2022 Complete Box and Papers\n\n1 year Pacha of London warranty and Free insurance valuation certificate",,,taxable,,1,,,0,0,,,,,1,,,11950,"Watches > Bvlgari",,,"https://pachaoflondon.com/wp-content/uploads/2023/01/Photoroom_20250217_132758.jpg, https://pachaoflondon.com/wp-content/uploads/2023/01/Photoroom_20250217_132758.jpg, https://pachaoflondon.com/wp-content/uploads/2023/01/Photoroom_20250217_133810.jpg, https://pachaoflondon.com/wp-content/uploads/2023/01/grey-front-side-scaled.jpg, https://pachaoflondon.com/wp-content/uploads/2023/01/grey-side-scaled.jpg, https://pachaoflondon.com/wp-content/uploads/2023/01/grey-back-scaled.jpg, https://pachaoflondon.com/wp-content/uploads/2023/01/grey-back-2-scaled.jpg",,,,,,,,,0,,"42mm, Titanium, grey Chronograph Dial, unworn ",field_586a50d32fdc2,103068,field_586bc3c6214bc,,field_586bc3e2214bd,Watch,field_58752651bb382,Pre-owned,field_587526d8bb384,"0 (new/unworn)",field_586bc400214be,Yes,field_5873b9289d99a,Yes,field_5873b92d9d99b,Men’s,field_586bc406214bf,London,field_586bc413214c0,2022,field_586bb3707b79a,,field_5873b849ba10d,,field_587526abbb383,Automatic,field_586bc437214c2,,field_5873d1f749c2b,,field_5873d20849c2c,,field_5873d21249c2d,Titanium,field_586bc452214c4,Grey,field_586bc45d214c5,,field_586bc469214c6,"Double-fold clasp",field_586bc477214c7,Titanium,field_586bc488214c8,Titanium,field_586bc49b214ca,42,field_586b745e69a7d,,field_586bc4ad214cb,Titanium,field_586bc4b5214cc,"Sapphire Glass",field_586bc4c4214cd,Grey,field_586bc4ce214ce,"No numerals",field_5873d2a341247,,field_586bc4dd214d0,,field_586bc4f2214d2,26,90,6026011784123557,,,,,,,,,,,,,,,,,,no,,,,,,,,,,,,,yes,yes,,product,,,,,,,,,,,,,,,,,,,,,,,,,,,,,,,,,,,no,6026011847456884,1,classic-editor,,,,0,,,,,,Silver,field_65fb11bc73f04,yes,field_65fb124173f05,Ladies,field_65fb129f73f06
6028,simple,,,"Annual Calendar Chronograph",1,0,visible,,"Patek Philippe Annual Calendar-5960/1A\n\n40.5mm Stainless Steel with a Chronograph Silver Dial\n\nDisplays Weekday, Date and Month\n\nAutomatic Movement\n\n1 year Pacha of London warranty, Box and Free insurance valuation certificate\n\n&nbsp;",,,taxable,,1,,,0,0,,,,,1,,,44850,"Patek Philippe",,,"https://pachaoflondon.com/wp-content/uploads/2023/01/Photoroom_20250107_173202.jpg, https://pachaoflondon.com/wp-content/uploads/2023/01/Photoroom_20250107_173202.jpg, https://pachaoflondon.com/wp-content/uploads/2023/01/thumbnail_C1506D0A-05BD-4177-9A09-53EE651AB394.jpg, https://pachaoflondon.com/wp-content/uploads/2023/01/thumbnail_7F491D32-1B89-4094-A53E-15A4F03CE102.jpg, https://pachaoflondon.com/wp-content/uploads/2023/01/thumbnail_B4D8D8B3-8237-421A-9BB4-BB97A28E9DCB.jpg, https://pachaoflondon.com/wp-content/uploads/2023/01/thumbnail_18AA173F-629D-499B-A13E-518E74A38F39.jpg",,,,,,,,,0,,"40.5mm Stainless Steel with a Chronograph Silver Dial ",field_586a50d32fdc2,5960/1A,field_586bc3c6214bc,,field_586bc3e2214bd,Watch,field_58752651bb382,Pre-owned,field_587526d8bb384,"1 (mint)",field_586bc400214be,Yes,field_5873b9289d99a,No,field_5873b92d9d99b,Men’s,field_586bc406214bf,London,field_586bc413214c0,,field_586bb3707b79a,Immediately,field_5873b849ba10d,,field_587526abbb383,Automatic,field_586bc437214c2,,field_5873d1f749c2b,,field_5873d20849c2c,,field_5873d21249c2d,Steel,field_586bc452214c4,,field_586bc45d214c5,,field_586bc469214c6,"Double-fold clasp",field_586bc477214c7,"Stainless Steel",field_586bc488214c8,Steel,field_586bc49b214ca,40.5,field_586b745e69a7d,,field_586bc4ad214cb,"Stainless Steel",field_586bc4b5214cc,"Sapphire Glass",field_586bc4c4214cd,Silver,field_586bc4ce214ce,"No numerals",field_5873d2a341247,,field_586bc4dd214d0,,field_586bc4f2214d2,10,90,5771505276303067,,,,,,,,,,,,,,,,,,no,,,,,,,,,,,,,yes,yes,,product,,,,,,,,,,,,,,,,,,,,,,,,,,,,,,,,,,,no,5771505306303064,1,classic-editor,,,,,,,,,,,,,,,
6035,simple,,,Calatrava,1,0,visible,,"Patek Philippe Calatrava - 5123R-001\n\n38mm 18k Rose Gold on a Brown Leather Strap with a White Dial\n\nDated 2016 Complete Box and Papers\n\nManual winding movement\n\n1 year Pacha of London warranty and Free insurance valuation certificate\n\n&nbsp;",,,taxable,,1,,,0,0,,,,,1,,,16250,"Patek Philippe",,,"https://pachaoflondon.com/wp-content/uploads/2023/01/A51C0ADB-21A2-44D9-81FB-E8DCFF2628CB.jpeg, https://pachaoflondon.com/wp-content/uploads/2023/01/A51C0ADB-21A2-44D9-81FB-E8DCFF2628CB.jpeg, https://pachaoflondon.com/wp-content/uploads/2023/01/thumbnail_C16E3555-7669-4CDE-8A43-119E93C1CBE3.jpg, https://pachaoflondon.com/wp-content/uploads/2023/01/thumbnail_9B259FCF-CE90-49E4-8788-EAC1DB7C2282.jpg, https://pachaoflondon.com/wp-content/uploads/2023/01/thumbnail_98C6958A-FD1A-4649-9FA5-547E848D3294.jpg",,,,,,,,,0,,"38mm 18k Rose Gold on a Brown Leather Strap with a White Dial",field_586a50d32fdc2,5123R-001,field_586bc3c6214bc,,field_586bc3e2214bd,Watch,field_58752651bb382,Pre-owned,field_587526d8bb384,"1 (mint)",field_586bc400214be,Yes,field_5873b9289d99a,Yes,field_5873b92d9d99b,Unisex,field_586bc406214bf,London,field_586bc413214c0,2016,field_586bb3707b79a,Immediately,field_5873b849ba10d,,field_587526abbb383,Automatic,field_586bc437214c2,,field_5873d1f749c2b,,field_5873d20849c2c,,field_5873d21249c2d,Leather,field_586bc452214c4,Brown,field_586bc45d214c5,,field_586bc469214c6,Buckle,field_586bc477214c7,"18k Rose Gold",field_586bc488214c8,"Pink gold",field_586bc49b214ca,38,field_586b745e69a7d,,field_586bc4ad214cb,"Rose Gold",field_586bc4b5214cc,"Sapphire Glass",field_586bc4c4214cd,White,field_586bc4ce214ce,"No numerals",field_5873d2a341247,,field_586bc4dd214d0,,field_586bc4f2214d2,10,90,6346130098748851,,,,,,,,,,,,,,,,,,no,,,,,,,,,,,,,yes,yes,,product,,,,,,,,,,,,,,,,,,,,,,,,,,,,,,,,,,,no,6346130122082182,1,classic-editor,,,,0,,,,,"Patek Philippe-Calatrava-5123R-001-18k rose gold case on leather-2016 model-Available immediately-Location: Knightsbridge",,,,,,
6121,simple,,,"Cosmograph Daytona",1,0,visible,,"Rolex Cosmograph Daytona\n\nRef: 116508\n\n40mm case size\n\n18k yellow gold with Rolex factory set mother of pearl diamond dial\n\nComplete box and papers dated 2020\n\n&nbsp;",,,taxable,,1,,,0,0,,,,,1,,,54950,Rolex,,,"https://pachaoflondon.com/wp-content/uploads/2023/02/DCF8A6D6-0040-488D-997A-19D52EE96DD3.jpg, https://pachaoflondon.com/wp-content/uploads/2023/02/DCF8A6D6-0040-488D-997A-19D52EE96DD3.jpg, https://pachaoflondon.com/wp-content/uploads/2023/02/18k-yellow.jpg, https://pachaoflondon.com/wp-content/uploads/2023/02/mop.jpg, https://pachaoflondon.com/wp-content/uploads/2023/02/d.d.d.jpg, https://pachaoflondon.com/wp-content/uploads/2023/02/cosmographj.jpg",,,,,,,,,0,,"18k Yellow gold, factory mother of pearl diamond dial, 40mm ",field_586a50d32fdc2,116508,field_586bc3c6214bc,,field_586bc3e2214bd,Watch,field_58752651bb382,Pre-owned,field_587526d8bb384,"1 (mint)",field_586bc400214be,Yes,field_5873b9289d99a,Yes,field_5873b92d9d99b,Men’s,field_586bc406214bf,London,field_586bc413214c0,2020,field_586bb3707b79a,Immediately,field_5873b849ba10d,,field_587526abbb383,Automatic,field_586bc437214c2,,field_5873d1f749c2b,,field_5873d20849c2c,,field_5873d21249c2d,"Yellow Gold",field_586bc452214c4,Yellow,field_586bc45d214c5,,field_586bc469214c6,"Double-fold clasp",field_586bc477214c7,"yellow ",field_586bc488214c8,"Yellow gold",field_586bc49b214ca,40,field_586b745e69a7d,,field_586bc4ad214cb,"yellow gold",field_586bc4b5214cc,"Sapphire Glass",field_586bc4c4214cd,"Mother of pearl",field_586bc4ce214ce,"No numerals",field_5873d2a341247,,field_586bc4dd214d0,,field_586bc4f2214d2,8,90,5085568431545861,,,,,,,,,,,,,,,,,,no,,,,,,,,,,,,,yes,yes,,product,,,,,,,,,,,,,,,,,,,,,,,,,,,,,,,,,,,no,5085568494879188,1,classic-editor,,,,0,,,,,"Rolex Cosmograph-Daytona-116508-18k yellow gold-Mother of pearl diamond dial-Excellent condition-Available immediately",,,,,,
6147,simple,,,"Royal Oak",1,0,visible,,"Audemars Piguet Royal oak\n\nRef: 26239OR.OO.D821CR.01\n\n41mm case size, chronograph on a 18k pink gold case with a brown rubber strap\n\nComplete box and papers dated 2020\n\nOne year warranty from Pacha Of London Jewellers",,,taxable,,1,,,0,0,,,,,1,,,49000,"Audemars Piguet",,,"https://pachaoflondon.com/wp-content/uploads/2023/02/Photoroom_20250130_153532.jpg, https://pachaoflondon.com/wp-content/uploads/2023/02/Photoroom_20250130_153532.jpg, https://pachaoflondon.com/wp-content/uploads/2023/02/thumbnail_0A691291-5213-4B05-94BE-054406715AE4.jpg, https://pachaoflondon.com/wp-content/uploads/2023/02/thumbnail_60732C08-DC05-46D5-8E1A-2D4561854F5E.jpg, https://pachaoflondon.com/wp-content/uploads/2023/02/thumbnail_6A263D9B-5F3F-4BDE-B595-389FC3AA406A.jpg, https://pachaoflondon.com/wp-content/uploads/2023/02/thumbnail_DEC013DE-FB54-4000-83D9-D4EEABE2C87B.jpg",,,,,,,,,0,,"41mm, rose gold, chronograph, brown dial, rubber strap ",field_586a50d32fdc2,26239OR.OO.D821CR.01,field_586bc3c6214bc,,field_586bc3e2214bd,Watch,field_58752651bb382,Pre-owned,field_587526d8bb384,"1 (mint)",field_586bc400214be,Yes,field_5873b9289d99a,Yes,field_5873b92d9d99b,Men’s,field_586bc406214bf,London,field_586bc413214c0,2020,field_586bb3707b79a,Immediately,field_5873b849ba10d,,field_587526abbb383,Automatic,field_586bc437214c2,,field_5873d1f749c2b,,field_5873d20849c2c,,field_5873d21249c2d,Rubber,field_586bc452214c4,Brown,field_586bc45d214c5,,field_586bc469214c6,"Fold clasp",field_586bc477214c7,"pink gold ",field_586bc488214c8,"Pink gold",field_586bc49b214ca,41,field_586b745e69a7d,,field_586bc4ad214cb,"pink gold ",field_586bc4b5214cc,"Sapphire Glass",field_586bc4c4214cd,Brown,field_586bc4ce214ce,"No numerals",field_5873d2a341247,,field_586bc4dd214d0,,field_586bc4f2214d2,9,90,6075276075868845,,,,,,,,,,,,,,,,,,no,,,,,,,,,,,,,yes,yes,,product,,,,,,,,,,,,,,,,,,,,,,,,,,,,,,,,,,,no,6075276142535505,1,classic-editor,,,,0,,,,,"Audemars Piguet-Royal Oak-41mm case size-18k rose gold on a strap-2020 model-Available immediately-Location: Knightsbridge",,,,,,
6160,simple,,,"Royal Oak Offshore",1,0,visible,,"Audemars Piguet Royal Oak Offshore\n\nRef: 26048SK.ZZ.D082CA.01\n\n37mm Case size, factory diamond bezel\n\nRubber strap with stainless steel fold over clasp\n\nComes with the box and one year warranty\n\nFree insurance valuation certificate",,,taxable,,1,,,0,0,,,,,1,,,17500,"Audemars Piguet",,,"https://pachaoflondon.com/wp-content/uploads/2023/02/Photoroom_20250130_153101.jpg, https://pachaoflondon.com/wp-content/uploads/2023/02/Photoroom_20250130_153101.jpg, https://pachaoflondon.com/wp-content/uploads/2023/02/thumbnail_1D7B7C84-483B-4615-89AA-5E9EE6581FD5.jpg, https://pachaoflondon.com/wp-content/uploads/2023/02/thumbnail_E6E1F76E-C130-4A51-A732-8E76D726EA6A.jpg, https://pachaoflondon.com/wp-content/uploads/2023/02/thumbnail_21A66D41-C598-4B2E-B34B-6F8259B41B13.jpg",,,,,,,,,0,,"Beige Rubber, Factory diamond bezel, 37mm, offshore, fold clasp, automatic ",field_586a50d32fdc2,26048SK.ZZ.D082CA.01,field_586bc3c6214bc,,field_586bc3e2214bd,Watch,field_58752651bb382,Pre-owned,field_587526d8bb384,"1 (mint)",field_586bc400214be,Yes,field_5873b9289d99a,No,field_5873b92d9d99b,Unisex,field_586bc406214bf,London,field_586bc413214c0,,field_586bb3707b79a,Immediately,field_5873b849ba10d,,field_587526abbb383,Automatic,field_586bc437214c2,,field_5873d1f749c2b,,field_5873d20849c2c,,field_5873d21249c2d,Rubber,field_586bc452214c4,Beige,field_586bc45d214c5,,field_586bc469214c6,"Fold clasp",field_586bc477214c7,"stainless steel ",field_586bc488214c8,Steel,field_586bc49b214ca,37,field_586b745e69a7d,,field_586bc4ad214cb,Diamonds,field_586bc4b5214cc,"Sapphire Glass",field_586bc4c4214cd,Beige,field_586bc4ce214ce,"No numerals",field_5873d2a341247,,field_586bc4dd214d0,,field_586bc4f2214d2,9,90,5613011128821621,,,,,,,,,,,,,,,,,,no,,,,,,,,,,,,,yes,yes,,product,,,,,,,,,,,,,,,,,,,,,,,,,,,,,,,,,,,no,5613011168821617,1,classic-editor,,,,0,,,,,"Audemars Piguet-Royal Oak offshore-26048SK.ZZ.D082CA.01-37mm stainless steel-Available immediately-Location: Knightsbridge",,,,,,,
6179,simple,,,"Cosmograph Daytona zenith",1,0,visible,,"Rolex Cosmograph Daytona\n\nRef: 16520\n\n40mm case size\n\nStainless steel case and bracelet\n\nZenith movement\n\nBox and warranty 1996\n\n&nbsp;\n\n&nbsp;\n\n&nbsp;",,,taxable,,1,,,0,0,,,,,1,,,20500,Rolex,,,"https://pachaoflondon.com/wp-content/uploads/2023/03/45F99077-91EC-400E-B746-8EB26B7DE0B7.jpeg, https://pachaoflondon.com/wp-content/uploads/2023/03/45F99077-91EC-400E-B746-8EB26B7DE0B7.jpeg, https://pachaoflondon.com/wp-content/uploads/2023/03/ddd.jpg, https://pachaoflondon.com/wp-content/uploads/2023/03/thumbnail_IMG_2755.jpg, https://pachaoflondon.com/wp-content/uploads/2023/03/thumbnail_IMG_2756.jpg, https://pachaoflondon.com/wp-content/uploads/2023/03/thumbnail_IMG_2757.jpg",,,,,,,,,0,,"40mm, Stainless steel, zenith, Cosmograph",field_586a50d32fdc2,16520,field_586bc3c6214bc,,field_586bc3e2214bd,Watch,field_58752651bb382,Pre-owned,field_587526d8bb384,"1 (mint)",field_586bc400214be,Yes,field_5873b9289d99a,No,field_5873b92d9d99b,Men’s,field_586bc406214bf,London,field_586bc413214c0,1996,field_586bb3707b79a,Immediately,field_5873b849ba10d,,field_587526abbb383,Automatic,field_586bc437214c2,,field_5873d1f749c2b,,field_5873d20849c2c,,field_5873d21249c2d,Steel,field_586bc452214c4,,field_586bc45d214c5,,field_586bc469214c6,"Double-fold clasp",field_586bc477214c7,"stainless steel ",field_586bc488214c8,Steel,field_586bc49b214ca,40,field_586b745e69a7d,,field_586bc4ad214cb,"Stainless steel ",field_586bc4b5214cc,"Sapphire Glass",field_586bc4c4214cd,White,field_586bc4ce214ce,"No numerals",field_5873d2a341247,,field_586bc4dd214d0,,field_586bc4f2214d2,8,90,6022290521164043,,,,,,,,,,,,,,,,,,no,,,,,,,,,,,,,yes,yes,,product,,,,,,,,,,,,,,,,,,,,,,,,,,,,,,,,,,,no,6022290621164033,1,classic-editor,,,,0,,,,,,,,,,,,
6210,simple,,,"Mdm Day-date",1,0,visible,,"Hublot, classic, Mdm day-date.\n\nRef: 1840.8.\n\n39mm case size, 18k rose gold case and double fold over clasp.\n\nBox and one year warranty, free insurance valuation certificate.\n\n&nbsp;",,,taxable,,1,,,0,0,,,,,1,,,8500,Hublot,,,"https://pachaoflondon.com/wp-content/uploads/2023/03/359D87AE-CB52-43A7-87AD-9926F17B64C1.jpg, https://pachaoflondon.com/wp-content/uploads/2023/03/359D87AE-CB52-43A7-87AD-9926F17B64C1.jpg, https://pachaoflondon.com/wp-content/uploads/2023/03/thumbnail_ABA7BED6-9DE0-44AA-B8B6-A57A057BBE71.jpg, https://pachaoflondon.com/wp-content/uploads/2023/03/thumbnail_1665084D-C69C-47FB-BE23-D09E0F5CF1B2.jpg, https://pachaoflondon.com/wp-content/uploads/2023/03/thumbnail_B716BBB3-66BE-4AEC-A888-7E4C37AFA06C.jpg, https://pachaoflondon.com/wp-content/uploads/2023/03/thumbnail_93D63F5A-AA31-4269-89BD-4CE11429E86F.jpg",,,,,,,,,0,,"18k rose gold, black dial, 39mm, rubber strap, automatic, daydate ",field_586a50d32fdc2,1840.8,field_586bc3c6214bc,,field_586bc3e2214bd,Watch,field_58752651bb382,Pre-owned,field_587526d8bb384,"1 (mint)",field_586bc400214be,Yes,field_5873b9289d99a,No,field_5873b92d9d99b,Men’s,field_586bc406214bf,London,field_586bc413214c0,,field_586bb3707b79a,Immediately,field_5873b849ba10d,,field_587526abbb383,Automatic,field_586bc437214c2,,field_5873d1f749c2b,,field_5873d20849c2c,,field_5873d21249c2d,Rubber,field_586bc452214c4,Black,field_586bc45d214c5,,field_586bc469214c6,"Double-fold clasp",field_586bc477214c7,"rose gold ",field_586bc488214c8,"Pink gold",field_586bc49b214ca,39,field_586b745e69a7d,,field_586bc4ad214cb,"Rose Gold",field_586bc4b5214cc,"Sapphire Glass",field_586bc4c4214cd,Black,field_586bc4ce214ce,"No numerals",field_5873d2a341247,,field_586bc4dd214d0,,field_586bc4f2214d2,14,90,5358916384211563,,,,,,,,,,,,,,,,,,no,,,,,,,,,,,,,yes,yes,,product,,,,,,,,,,,,,,,,,,,,,,,,,,,,,,,,,,,no,5358916434211558,1,classic-editor,,,,0,,,,,"Hublot, classic, Mdm day-date.Ref: 1840.8.39mm case size, 18k rose gold case and double fold over clasp.Box and one year warranty.",,,,,,,
6261,simple,,,Lucea,1,0,visible,,"Bvlgari Lucea\n\nRef: LU P 33 SG\n\n33mm case size, mother of pearl diamond dial with a  Steel and rose gold case and bracelet\n\nBox and guarantee papers available\n\nOne year Pacha Of London warranty",,,taxable,,1,,,0,0,,,,,1,,,10000,"Watches > Bvlgari",,,"https://pachaoflondon.com/wp-content/uploads/2023/04/Photoroom_20250203_161303.jpg, https://pachaoflondon.com/wp-content/uploads/2023/04/Photoroom_20250203_161303.jpg, https://pachaoflondon.com/wp-content/uploads/2023/04/BULGARI.jpg, https://pachaoflondon.com/wp-content/uploads/2023/04/BULGARI-6.jpg, https://pachaoflondon.com/wp-content/uploads/2023/04/BULGARI-3.jpg",,,,,,,,,0,,"Steel and rose gold, automatic, mother of pearl dial, 33mm",field_586a50d32fdc2,"LU P 33 SG ",field_586bc3c6214bc,,field_586bc3e2214bd,Watch,field_58752651bb382,Pre-owned,field_587526d8bb384,"1 (mint)",field_586bc400214be,Yes,field_5873b9289d99a,Yes,field_5873b92d9d99b,Women’s,field_586bc406214bf,London,field_586bc413214c0,,field_586bb3707b79a,Immediately,field_5873b849ba10d,,field_587526abbb383,Automatic,field_586bc437214c2,,field_5873d1f749c2b,,field_5873d20849c2c,,field_5873d21249c2d,Gold/Steel,field_586bc452214c4,Gold/Steel,field_586bc45d214c5,,field_586bc469214c6,"Double-fold clasp",field_586bc477214c7,"Rose Gold and Steel",field_586bc488214c8,Gold/Steel,field_586bc49b214ca,33,field_586b745e69a7d,,field_586bc4ad214cb,Diamonds,field_586bc4b5214cc,"Sapphire Glass",field_586bc4c4214cd,"Mother of pearl",field_586bc4ce214ce,"No numerals",field_5873d2a341247,,field_586bc4dd214d0,,field_586bc4f2214d2,26,90,5423705751065503,,,,,,,,,,,,,,,,,,no,,,,,,,,,,,,,yes,yes,,product,,,,,,,,,,,,,,,,,,,,,,,,,,,,,,,,,,,no,5423705781065500,1,,,,,0,,,,,,,,,,,,
6370,simple,,,"Sky by Theo fennel",1,0,visible,,"Franck Muller-Theo Fennel\n\nRef: 6000 H SC DT\n\nLimited to only 10 pieces Worldwide!\n\n42mm case size\n\nSky blue dial\n\n18k white gold case and pin buckle on a black leather strap\n\nBox only and one year Pacha Of London warranty\n\n&nbsp;",,,taxable,,1,,,0,0,,,,,1,,,6000,"Watches > Franck Muller",,,"https://pachaoflondon.com/wp-content/uploads/2023/05/C4D4E04A-37DC-4F3A-86D2-A89ECCE29EE0.jpg, https://pachaoflondon.com/wp-content/uploads/2023/05/C4D4E04A-37DC-4F3A-86D2-A89ECCE29EE0.jpg, https://pachaoflondon.com/wp-content/uploads/2023/05/thumbnail_F2EDAF95-E129-48DD-ACFE-F1B444A294CC.jpg, https://pachaoflondon.com/wp-content/uploads/2023/05/thumbnail_9D061C8B-4772-46E6-B633-7AC6870C8E81.jpg, https://pachaoflondon.com/wp-content/uploads/2023/05/thumbnail_7AC58C00-FE30-4C8D-BF66-CDE35F827F9D.jpg, https://pachaoflondon.com/wp-content/uploads/2023/05/thumbnail_A0CDDBFC-0786-45AF-8522-98AB6EE5A470.jpg",,,,,,,,,0,,"Sky, Limited to 10 worldwide, 18k white gold, sky blue dial, 42mm, leather strap ",field_586a50d32fdc2,"6000 H SC DT ",field_586bc3c6214bc,,field_586bc3e2214bd,Watch,field_58752651bb382,Pre-owned,field_587526d8bb384,"1 (mint)",field_586bc400214be,Yes,field_5873b9289d99a,No,field_5873b92d9d99b,Men’s,field_586bc406214bf,London,field_586bc413214c0,,field_586bb3707b79a,Immediately,field_5873b849ba10d,,field_587526abbb383,Automatic,field_586bc437214c2,,field_5873d1f749c2b,,field_5873d20849c2c,,field_5873d21249c2d,Leather,field_586bc452214c4,Black,field_586bc45d214c5,,field_586bc469214c6,Buckle,field_586bc477214c7,"white gold ",field_586bc488214c8,"White gold",field_586bc49b214ca,42,field_586b745e69a7d,,field_586bc4ad214cb,"white gold",field_586bc4b5214cc,"Sapphire Glass",field_586bc4c4214cd,Blue,field_586bc4ce214ce,"Arabic numerals",field_5873d2a341247,,field_586bc4dd214d0,,field_586bc4f2214d2,20,90,6342440422537149,,,,,,,,,,,,,,,,,,no,,,,,,,,,,,,,yes,yes,,product,,,,,,,,,,,,,,,,,,,,,,,,,,,,,,,,,,,no,6342440459203812,1,classic-editor,,,,0,,,,,,,,,,,,
6415,simple,,,Vintage,1,0,visible,,"Jaeger Le Couture\n\nRef: 14062\n\n32mm case\n\nManual wind movement\n\n18k white gold case and bracelet\n\nOne year warranty from Pacha Of London\n\n&nbsp;\n\n&nbsp;",,,taxable,,1,,,0,0,,,,,1,,,5000,"Watches > Jaeger Le couture",,,"https://pachaoflondon.com/wp-content/uploads/2023/06/Photoroom_20250226_150449.jpg, https://pachaoflondon.com/wp-content/uploads/2023/06/Photoroom_20250226_150449.jpg, https://pachaoflondon.com/wp-content/uploads/2023/06/JLC-2.jpg, https://pachaoflondon.com/wp-content/uploads/2023/06/JLC-3.jpg, https://pachaoflondon.com/wp-content/uploads/2023/06/JLCCC.jpg, https://pachaoflondon.com/wp-content/uploads/2023/06/GLG.jpg",,,,,,,,,0,,"white gold, diamonds, 32mm, manual wind ",field_586a50d32fdc2,14062,field_586bc3c6214bc,,field_586bc3e2214bd,Watch,field_58752651bb382,Pre-owned,field_587526d8bb384,"2 (fine)",field_586bc400214be,No,field_5873b9289d99a,No,field_5873b92d9d99b,Men’s,field_586bc406214bf,London,field_586bc413214c0,1970,field_586bb3707b79a,Immediately,field_5873b849ba10d,,field_587526abbb383,"Manual winding",field_586bc437214c2,,field_5873d1f749c2b,,field_5873d20849c2c,,field_5873d21249c2d,"White Gold",field_586bc452214c4,White,field_586bc45d214c5,,field_586bc469214c6,"Jewelry clasp",field_586bc477214c7,"white gold ",field_586bc488214c8,"White gold",field_586bc49b214ca,32,field_586b745e69a7d,,field_586bc4ad214cb,"white gold ",field_586bc4b5214cc,,field_586bc4c4214cd,Silver,field_586bc4ce214ce,"No numerals",field_5873d2a341247,,field_586bc4dd214d0,,field_586bc4f2214d2,44,90,6380377395315890,,,,,,,,,,,,,,,,,,no,,,,,,,,,,,,,yes,yes,,product,,,,,,,,,,,,,,,,,,,,,,,,,,,,,,,,,,,no,6380377465315883,1,,,,,0,,,,,"Jaeger Le couture vintage-14062. Circa:1960-1970, 18k white gold with factory set diamonds",,,,,,,
6498,simple,,,Datejust,1,0,visible,,"Rolex Datejust\n\nRef: 79179\n\n26mm Case size\n\n18k White gold, president bracelet\n\nFactory mother of pearl diamond dial, bezel and diamonds on the shoulders\n\n2002 model\n\nOne year Pacha of London warranty",,,taxable,,1,,,0,0,,,,,1,,,17450,Rolex,,,"https://pachaoflondon.com/wp-content/uploads/2023/08/Photoroom_20250129_151650.jpg, https://pachaoflondon.com/wp-content/uploads/2023/08/Photoroom_20250129_151650.jpg, https://pachaoflondon.com/wp-content/uploads/2023/08/DATEJUST.jpg, https://pachaoflondon.com/wp-content/uploads/2023/08/LADY.jpg, https://pachaoflondon.com/wp-content/uploads/2023/08/WHITE-GOLF.jpg, https://pachaoflondon.com/wp-content/uploads/2023/08/PRESIDENT.jpg",,,,,,,,,0,,"26mm, 18k white gold, president, Mother of pearl diamond dial, diamond shoulders and bezel ",field_586a50d32fdc2,79179,field_586bc3c6214bc,,field_586bc3e2214bd,Watch,field_58752651bb382,Pre-owned,field_587526d8bb384,"1 (mint)",field_586bc400214be,Yes,field_5873b9289d99a,No,field_5873b92d9d99b,Women’s,field_586bc406214bf,London,field_586bc413214c0,2002,field_586bb3707b79a,Immediately,field_5873b849ba10d,,field_587526abbb383,Automatic,field_586bc437214c2,,field_5873d1f749c2b,,field_5873d20849c2c,,field_5873d21249c2d,"White Gold",field_586bc452214c4,White,field_586bc45d214c5,,field_586bc469214c6,"Fold clasp, hidden",field_586bc477214c7,"white gold ",field_586bc488214c8,"White gold",field_586bc49b214ca,26,field_586b745e69a7d,,field_586bc4ad214cb,"Diamond bezel ",field_586bc4b5214cc,"Sapphire Glass",field_586bc4c4214cd,"Mother of pearl",field_586bc4ce214ce,"No numerals",field_5873d2a341247,,field_586bc4dd214d0,,field_586bc4f2214d2,8,90,9898969330223358,,,,,,,,,,,,,,,,,,no,,,,,,,,,,,,,yes,yes,,product,,,,,,,,,,,,,,,,,,,,,,,,,,,,,,,,,,,no,,1,classic-editor,,,,0,,,,,"Rolex-Datejust-79179-18k white gold-President bracelet-2002 Model-Available immediately-Location: Knightsbridge",,,,,,,
6503,simple,,,"Day-date 41",1,0,visible,,"Rolex Day-date\n\n41mm case size, discontinued model\n\n18k white gold, president bracelet with a customised diamond bezel and a silver diamond, sapphire dial\n\nComplete box and papers, dated 2010\n\nOne year Pacha of London warranty",,,taxable,,1,,,0,0,,,,,1,,,37500,Rolex,,,"https://pachaoflondon.com/wp-content/uploads/2023/08/5F224EF6-6B77-493D-95CD-95B972A0FF98.jpeg, https://pachaoflondon.com/wp-content/uploads/2023/08/5F224EF6-6B77-493D-95CD-95B972A0FF98.jpeg, https://pachaoflondon.com/wp-content/uploads/2023/08/DD.jpg, https://pachaoflondon.com/wp-content/uploads/2023/08/PRESIDENT-1.jpg, https://pachaoflondon.com/wp-content/uploads/2023/08/DD22.jpg, https://pachaoflondon.com/wp-content/uploads/2023/08/GGGGGG.jpg, https://pachaoflondon.com/wp-content/uploads/2023/08/LLLLL.jpg",,,,,,,,,0,,"41mm, 18k white gold, president bracelet, customised diamond dial and bezel ",field_586a50d32fdc2,218239,field_586bc3c6214bc,,field_586bc3e2214bd,Watch,field_58752651bb382,Pre-owned,field_587526d8bb384,"1 (mint)",field_586bc400214be,Yes,field_5873b9289d99a,Yes,field_5873b92d9d99b,Men’s,field_586bc406214bf,London,field_586bc413214c0,2010,field_586bb3707b79a,Immediately,field_5873b849ba10d,,field_587526abbb383,Automatic,field_586bc437214c2,,field_5873d1f749c2b,,field_5873d20849c2c,,field_5873d21249c2d,"White Gold",field_586bc452214c4,White,field_586bc45d214c5,,field_586bc469214c6,"Fold clasp, hidden",field_586bc477214c7,"white gold ",field_586bc488214c8,"White gold",field_586bc49b214ca,41,field_586b745e69a7d,,field_586bc4ad214cb,"white gold ",field_586bc4b5214cc,"Sapphire Glass",field_586bc4c4214cd,Silver,field_586bc4ce214ce,"No numerals",field_5873d2a341247,,field_586bc4dd214d0,,field_586bc4f2214d2,8,90,6260989884012263,,,,,,,,,,,,,,,,,,no,,,,,,,,,,,,,yes,yes,,product,,,,,,,,,,,,,,,,,,,,,,,,,,,,,,,,,,,no,6260989917345593,1,,,,,0,,,,,,,,,,,,
6571,simple,,,"Marine Chronometer",1,0,visible,,"Ulysee Nardin Marine Chronometer\n\nRef: 1186-126/43\n\n43mm case size\n\n18k pink gold case and clasp\n\nComplete box and papers dated 2015\n\n&nbsp;",,,taxable,,1,,,0,0,,,,,1,,,22000,"Ulysse Nardin",,,"https://pachaoflondon.com/wp-content/uploads/2023/09/Photoroom_20250203_161441.jpg, https://pachaoflondon.com/wp-content/uploads/2023/09/Photoroom_20250203_161441.jpg, https://pachaoflondon.com/wp-content/uploads/2023/09/uu.jpg, https://pachaoflondon.com/wp-content/uploads/2023/09/uuu.jpg, https://pachaoflondon.com/wp-content/uploads/2023/09/mm.jpg, https://pachaoflondon.com/wp-content/uploads/2023/09/nardin.jpg",,,,,,,,,0,,"43mm, Rose gold case and clasp, rubber strap, Power reserve indicator ",field_586a50d32fdc2,1186-126/43,field_586bc3c6214bc,,field_586bc3e2214bd,Watch,field_58752651bb382,Pre-owned,field_587526d8bb384,"1 (mint)",field_586bc400214be,Yes,field_5873b9289d99a,Yes,field_5873b92d9d99b,Men’s,field_586bc406214bf,London,field_586bc413214c0,2015,field_586bb3707b79a,Immediately,field_5873b849ba10d,,field_587526abbb383,Automatic,field_586bc437214c2,,field_5873d1f749c2b,,field_5873d20849c2c,,field_5873d21249c2d,Rubber,field_586bc452214c4,Blue,field_586bc45d214c5,,field_586bc469214c6,"Double-fold clasp",field_586bc477214c7,"rose gold ",field_586bc488214c8,"Pink gold",field_586bc49b214ca,43,field_586b745e69a7d,,field_586bc4ad214cb,"pink gold",field_586bc4b5214cc,,field_586bc4c4214cd,Blue,field_586bc4ce214ce,"No numerals",field_5873d2a341247,,field_586bc4dd214d0,,field_586bc4f2214d2,72,90,6585019194946726,,,,,,,,,,,,,,,,,,no,,,,,,,,,,,,,yes,yes,,product,,,,,,,,,,,,,,,,,,,,,,,,,,,,,,,,,,,no,6585019224946723,1,,,,,0,,,,,,,,,,,,
6630,simple,,,"Big Bang",1,0,visible,,"Hublot Big bang\n\nRef: 361.PC.3380.RC.1104\n\n18k Rose gold case and clasp\n\nBrown rubber strap, brown cappucino dial and a factory set diamond bezel\n\nComplete box and papers dated 2009",,,taxable,,1,,,0,0,,,,,1,,,13000,Hublot,,,"https://pachaoflondon.com/wp-content/uploads/2023/10/B11AE6C6-CF6E-40E5-B342-C3B3186AF44A.jpg, https://pachaoflondon.com/wp-content/uploads/2023/10/B11AE6C6-CF6E-40E5-B342-C3B3186AF44A.jpg, https://pachaoflondon.com/wp-content/uploads/2023/10/dddd.jpg, https://pachaoflondon.com/wp-content/uploads/2023/10/thumbnail_IMG_7099.jpg",,,,,,,,,0,,"Cappucino-brown dial, 18k rose gold case and clasp, 38mm, diamond bezel ",field_586a50d32fdc2,361.PC.3380.RC.1104,field_586bc3c6214bc,,field_586bc3e2214bd,Watch,field_58752651bb382,Pre-owned,field_587526d8bb384,"1 (mint)",field_586bc400214be,Yes,field_5873b9289d99a,Yes,field_5873b92d9d99b,Unisex,field_586bc406214bf,London,field_586bc413214c0,2009,field_586bb3707b79a,Immediately,field_5873b849ba10d,,field_587526abbb383,Automatic,field_586bc437214c2,,field_5873d1f749c2b,,field_5873d20849c2c,,field_5873d21249c2d,Rubber,field_586bc452214c4,Brown,field_586bc45d214c5,,field_586bc469214c6,"Fold clasp",field_586bc477214c7,"rose gold ",field_586bc488214c8,"Pink gold",field_586bc49b214ca,38,field_586b745e69a7d,,field_586bc4ad214cb,"diamond bezel ",field_586bc4b5214cc,"Sapphire Glass",field_586bc4c4214cd,Brown,field_586bc4ce214ce,"No numerals",field_5873d2a341247,,field_586bc4dd214d0,,field_586bc4f2214d2,14,90,23888855637427555,,,,,,,,,,,,,,,,,,no,,,,,,,,,,,,,yes,yes,,product,,,,,,,,,,,,,,,,,,,,,,,,,,,,,,,,,,,no,23888855684094217,1,classic-editor,,,,0,,,,,"Hublot big bang, 38m case size, brown cappucino dial,factory set diamond bezel.",,,,,,,
6642,simple,,,Atlas,1,0,visible,,"Tifanny Atlas\n\nRef: L0630\n\n18k yellow gold case and pin buckle, on a black leather strap\n\n24mm case size\n\nComes with a travel pouch and one year pacha of london warranty",,,taxable,,1,,,0,0,,,,,1,,,1700,"Watches > Tiffany",,,"https://pachaoflondon.com/wp-content/uploads/2023/10/Photoroom_20250225_163750.jpg, https://pachaoflondon.com/wp-content/uploads/2023/10/Photoroom_20250225_163750.jpg, https://pachaoflondon.com/wp-content/uploads/2023/10/oo.jpg, https://pachaoflondon.com/wp-content/uploads/2023/10/ll.jpg, https://pachaoflondon.com/wp-content/uploads/2023/10/oo-1.jpg, https://pachaoflondon.com/wp-content/uploads/2023/10/ppll.jpg",,,,,,,,,0,,"18k yellow gold, leather, quartz, 24mm",field_586a50d32fdc2,L0630,field_586bc3c6214bc,,field_586bc3e2214bd,Watch,field_58752651bb382,New,field_587526d8bb384,"1 (mint)",field_586bc400214be,No,field_5873b9289d99a,No,field_5873b92d9d99b,Women’s,field_586bc406214bf,London,field_586bc413214c0,,field_586bb3707b79a,Immediately,field_5873b849ba10d,,field_587526abbb383,Quartz,field_586bc437214c2,,field_5873d1f749c2b,,field_5873d20849c2c,,field_5873d21249c2d,Leather,field_586bc452214c4,Black,field_586bc45d214c5,,field_586bc469214c6,,field_586bc477214c7,,field_586bc488214c8,"Yellow gold",field_586bc49b214ca,24,field_586b745e69a7d,,field_586bc4ad214cb,"yellow gold",field_586bc4b5214cc,,field_586bc4c4214cd,,field_586bc4ce214ce,,field_5873d2a341247,,field_586bc4dd214d0,,field_586bc4f2214d2,49,90,6643538375759736,,,,,,,,,,,,,,,,,,no,,,,,,,,,,,,,yes,yes,,product,,,,,,,,,,,,,,,,,,,,,,,,,,,,,,,,,,,no,6643538422426398,1,classic-editor,,,,0,,,,,,,,,,,,
6662,simple,,,"Night Spirit",1,0,visible,,"Chaumet Night spirit\n\nRef: W10530/05A\n\n18k white gold bracelet and case set with round brilliant cut diamonds\n\n30mm case size\n\nQuartz movement\n\nBox and one year warranty\n\n&nbsp;",,,taxable,,1,,,0,0,,,,,1,,,9500,"Watches > Chaumet",,,"https://pachaoflondon.com/wp-content/uploads/2023/10/13A4F454-1E82-4CDE-900D-33AB12CF55B5.jpg, https://pachaoflondon.com/wp-content/uploads/2023/10/13A4F454-1E82-4CDE-900D-33AB12CF55B5.jpg, https://pachaoflondon.com/wp-content/uploads/2023/10/U.jpg, https://pachaoflondon.com/wp-content/uploads/2023/10/LL-1.jpg, https://pachaoflondon.com/wp-content/uploads/2023/10/HH.jpg, https://pachaoflondon.com/wp-content/uploads/2023/10/DD.jpg",,,,,,,,,0,,"30mm, 18k white gold, diamonds, quartz",field_586a50d32fdc2," W10530/05A",field_586bc3c6214bc,,field_586bc3e2214bd,Watch,field_58752651bb382,Pre-owned,field_587526d8bb384,"1 (mint)",field_586bc400214be,Yes,field_5873b9289d99a,No,field_5873b92d9d99b,Women’s,field_586bc406214bf,London,field_586bc413214c0,,field_586bb3707b79a,Immediately,field_5873b849ba10d,,field_587526abbb383,Quartz,field_586bc437214c2,,field_5873d1f749c2b,,field_5873d20849c2c,,field_5873d21249c2d,"White Gold",field_586bc452214c4,White,field_586bc45d214c5,,field_586bc469214c6,"Double-fold clasp",field_586bc477214c7,"white gold ",field_586bc488214c8,"White gold",field_586bc49b214ca,30,field_586b745e69a7d,,field_586bc4ad214cb,diamonds,field_586bc4b5214cc,,field_586bc4c4214cd,"Mother of pearl",field_586bc4ce214ce,"No numerals",field_5873d2a341247,,field_586bc4dd214d0,,field_586bc4f2214d2,,90,10038953919512467,,,,,,,,,,,,,,,,,,no,,,,,,,,,,,,,yes,yes,,product,,,,,,,,,,,,,,,,,,,,,,,,,,,,,,,,,,,no,10038953972845795,1,classic-editor,,,,0,,,,,"Chaumet Night spirit-18k white gold- Round brilliant diamonds- Available in store-Knightsbridge,London.",,,,,,,
6680,simple,,,Bzero1,1,0,visible,,"Bvlgari- Bzero1 collection\n\nRef: BB23GGD\n\n18k yellow gold case and clasp\n\nBrown leather strap\n\n27mm case size, Quartz movement\n\nBox and one year warranty",,,taxable,,1,,,0,0,,,,,1,,,2500,"Watches > Bvlgari",,,"https://pachaoflondon.com/wp-content/uploads/2023/10/Photoroom_20250217_130919.jpg, https://pachaoflondon.com/wp-content/uploads/2023/10/Photoroom_20250217_130919.jpg, https://pachaoflondon.com/wp-content/uploads/2023/10/bbb.jpg, https://pachaoflondon.com/wp-content/uploads/2023/10/leather.jpg, https://pachaoflondon.com/wp-content/uploads/2023/10/fnfjvbjff.jpg",,,,,,,,,0,,"Bzero1, 27mm, 18k yellow gold, leather, quartz",field_586a50d32fdc2,BB23GGD,field_586bc3c6214bc,,field_586bc3e2214bd,Watch,field_58752651bb382,Pre-owned,field_587526d8bb384,"2 (fine)",field_586bc400214be,Yes,field_5873b9289d99a,No,field_5873b92d9d99b,Women’s,field_586bc406214bf,London,field_586bc413214c0,,field_586bb3707b79a,Immediately,field_5873b849ba10d,,field_587526abbb383,Quartz,field_586bc437214c2,,field_5873d1f749c2b,,field_5873d20849c2c,,field_5873d21249c2d,Leather,field_586bc452214c4,Brown,field_586bc45d214c5,,field_586bc469214c6,"Fold clasp",field_586bc477214c7,"yellow ",field_586bc488214c8,"Yellow gold",field_586bc49b214ca,27,field_586b745e69a7d,,field_586bc4ad214cb,"yellow gold",field_586bc4b5214cc,,field_586bc4c4214cd,White,field_586bc4ce214ce,"Arabic numerals",field_5873d2a341247,,field_586bc4dd214d0,,field_586bc4f2214d2,26,90,7116004685077931,,,,,,,,,,,,,,,,,,no,,,,,,,,,,,,,yes,yes,,product,,,,,,,,,,,,,,,,,,,,,,,,,,,,,,,,,,,no,7116004705077929,1,,,,,0,,,,,"Bvlgari Bzero1 timepiece in stock/18k yellow gold case and clasp on a brown leather strap.",,,,,,,
6688,simple,,,Bvlgari,1,0,visible,,"Bvlgari Bvlgari\n\nRRP £4400\n\nCarbon coated stainless steel case and pin buckle\n\nBlue rubber strap\n\n41mm case size\n\nAutomatic movement\n\nUnworn, Complete box and papers dated 2021",,,taxable,,1,,,0,0,,,,,1,,,2750,"Watches > Bvlgari",,,"https://pachaoflondon.com/wp-content/uploads/2023/10/Photoroom_20250217_132451.jpg, https://pachaoflondon.com/wp-content/uploads/2023/10/Photoroom_20250217_132451.jpg, https://pachaoflondon.com/wp-content/uploads/2023/10/dd-1.jpg, https://pachaoflondon.com/wp-content/uploads/2023/10/bb.jpg, https://pachaoflondon.com/wp-content/uploads/2023/10/mmm.jpg, https://pachaoflondon.com/wp-content/uploads/2023/10/lllll.jpg",,,,,,,,,0,,"41mm case size, carbon coated, automatic, unworn ",field_586a50d32fdc2,103133,field_586bc3c6214bc,,field_586bc3e2214bd,Watch,field_58752651bb382,New,field_587526d8bb384,"0 (new/unworn)",field_586bc400214be,Yes,field_5873b9289d99a,Yes,field_5873b92d9d99b,Men’s,field_586bc406214bf,London,field_586bc413214c0,2021,field_586bb3707b79a,,field_5873b849ba10d,,field_587526abbb383,Automatic,field_586bc437214c2,,field_5873d1f749c2b,,field_5873d20849c2c,,field_5873d21249c2d,Rubber,field_586bc452214c4,Blue,field_586bc45d214c5,,field_586bc469214c6,Buckle,field_586bc477214c7,"steel/carbon ",field_586bc488214c8,Carbon,field_586bc49b214ca,41,field_586b745e69a7d,,field_586bc4ad214cb,"carbon ",field_586bc4b5214cc,,field_586bc4c4214cd,Blue,field_586bc4ce214ce,"No numerals",field_5873d2a341247,,field_586bc4dd214d0,,field_586bc4f2214d2,26,90,24011563141792200,,,,,,,,,,,,,,,,,,no,,,,,,,,,,,,,yes,yes,,product,,,,,,,,,,,,,,,,,,,,,,,,,,,,,,,,,,,no,24011563231792191,1,classic-editor,,,,0,,,,,"Bvlgari Bvlgari/ Unworn/ Stainless steel-carbon coated/41mm case size. Available now at our Knightsbridge showroom.",Silver,field_65fb11bc73f04,yes,field_65fb124173f05,Ladies,field_65fb129f73f06,
6694,simple,,,"Diagono Magnesium",1,0,visible,,"Bvlgari Diagono Magnesium\n\n41mm case size\n\nCeramic case and pin buckle\n\nBlack rubber strap\n\nComplete box and papers",,,taxable,,1,,,0,0,,,,,1,,,2000,"Watches > Bvlgari",,,"https://pachaoflondon.com/wp-content/uploads/2023/10/Photoroom_20250217_131042.jpg, https://pachaoflondon.com/wp-content/uploads/2023/10/Photoroom_20250217_131042.jpg, https://pachaoflondon.com/wp-content/uploads/2023/10/diagono.jpg, https://pachaoflondon.com/wp-content/uploads/2023/10/diag.jpg, https://pachaoflondon.com/wp-content/uploads/2023/10/rr-1.jpg",,,,,,,,,0,,"Magnesium, 41mm, automatic, rubber strap, ceramic ",field_586a50d32fdc2,102306,field_586bc3c6214bc,,field_586bc3e2214bd,,field_58752651bb382,New,field_587526d8bb384,"0 (new/unworn)",field_586bc400214be,Yes,field_5873b9289d99a,Yes,field_5873b92d9d99b,Men’s,field_586bc406214bf,London,field_586bc413214c0,,field_586bb3707b79a,Immediately,field_5873b849ba10d,,field_587526abbb383,Automatic,field_586bc437214c2,,field_5873d1f749c2b,,field_5873d20849c2c,,field_5873d21249c2d,Rubber,field_586bc452214c4,Black,field_586bc45d214c5,,field_586bc469214c6,Buckle,field_586bc477214c7,"ceramic ",field_586bc488214c8,Ceramic,field_586bc49b214ca,41,field_586b745e69a7d,,field_586bc4ad214cb,"ceramic ",field_586bc4b5214cc,,field_586bc4c4214cd,,field_586bc4ce214ce,"Arabic numerals",field_5873d2a341247,,field_586bc4dd214d0,,field_586bc4f2214d2,26,90,6732005320187643,,,,,,,,,,,,,,,,,,no,,,,,,,,,,,,,yes,yes,,product,,,,,,,,,,,,,,,,,,,,,,,,,,,,,,,,,,,no,6732005370187638,1,,,,,0,,,,,"Brand, Bvlgari. Model, Diagono Magnesium. Reference number,102306.Movement, Automatic. Case material, ceramic.",,,,,,,
6701,simple,,,"Montre Mec",1,0,visible,,"Boucheron Montre Mec\n\n41mm case size\n\nStainless steel case and clasp set with Round brilliant cut diamonds\n\nChronograph movement\n\nBox and one year warranty",,,taxable,,1,,,0,0,,,,,1,,,6750,"Watches > Assorted > Boucheron",,,"https://pachaoflondon.com/wp-content/uploads/2023/10/Photoroom_20250225_123028.jpg, https://pachaoflondon.com/wp-content/uploads/2023/10/Photoroom_20250225_123028.jpg, https://pachaoflondon.com/wp-content/uploads/2023/10/thumbnail_IMG_1648.jpg, https://pachaoflondon.com/wp-content/uploads/2023/10/jbc.jpg, https://pachaoflondon.com/wp-content/uploads/2023/10/bbbbbb.jpg, https://pachaoflondon.com/wp-content/uploads/2023/10/pjbc.jpg",,,,,,,,,0,,"41mm, stainless steel, diamonds, chronograph, leather strap,automatic, XL ",field_586a50d32fdc2,WA006213,field_586bc3c6214bc,,field_586bc3e2214bd,Watch,field_58752651bb382,Pre-owned,field_587526d8bb384,"1 (mint)",field_586bc400214be,Yes,field_5873b9289d99a,No,field_5873b92d9d99b,Men’s,field_586bc406214bf,London,field_586bc413214c0,,field_586bb3707b79a,Immediately,field_5873b849ba10d,,field_587526abbb383,Automatic,field_586bc437214c2,,field_5873d1f749c2b,,field_5873d20849c2c,,field_5873d21249c2d,Leather,field_586bc452214c4,Black,field_586bc45d214c5,,field_586bc469214c6,"Double-fold clasp",field_586bc477214c7,"stainless steel ",field_586bc488214c8,Steel,field_586bc49b214ca,41,field_586b745e69a7d,,field_586bc4ad214cb,Diamonds,field_586bc4b5214cc,,field_586bc4c4214cd,,field_586bc4ce214ce,"Arabic numerals",field_5873d2a341247,,field_586bc4dd214d0,,field_586bc4f2214d2,41,90,5043670272423489,,,,,,,,,,,,,,,,,,no,,,,,,,,,,,,,yes,yes,,product,,,,,,,,,,,,,,,,,,,,,,,,,,,,,,,,,,,no,5043670315756818,1,classic-editor,,,,0,,,,,"Brand, Boucheron. Model, Mec. Movement, Automatic. Case material, Stainless steel with round brilliant diamonds. Knightsbridge.",,,,,,,
6710,simple,,,Date,1,0,visible,,"Rolex Date\n\nRef: 1500\n\n34mm case size\n\nStainless steel case and buckle on a brown leather strap\n\nBlue baton dial\n\nBox and one year warranty",,,taxable,,1,,,0,0,,,,,1,,,4500,Rolex,,,"https://pachaoflondon.com/wp-content/uploads/2023/10/C4313B29-9912-40EA-AFCD-DE436C94EE04.jpeg, https://pachaoflondon.com/wp-content/uploads/2023/10/C4313B29-9912-40EA-AFCD-DE436C94EE04.jpeg, https://pachaoflondon.com/wp-content/uploads/2023/10/kkkkkk.jpg, https://pachaoflondon.com/wp-content/uploads/2023/10/thumbnail_IMG_1872.jpg, https://pachaoflondon.com/wp-content/uploads/2023/10/nhbhonb.jpg, https://pachaoflondon.com/wp-content/uploads/2023/10/joonn.jpg",,,,,,,,,0,,"34mm, leather, stainless steel, automatic, pin buckle",field_586a50d32fdc2,1500,field_586bc3c6214bc,,field_586bc3e2214bd,Watch,field_58752651bb382,Pre-owned,field_587526d8bb384,"1 (mint)",field_586bc400214be,Yes,field_5873b9289d99a,No,field_5873b92d9d99b,Men’s,field_586bc406214bf,London,field_586bc413214c0,,field_586bb3707b79a,Immediately,field_5873b849ba10d,,field_587526abbb383,Automatic,field_586bc437214c2,,field_5873d1f749c2b,,field_5873d20849c2c,,field_5873d21249c2d,Leather,field_586bc452214c4,Brown,field_586bc45d214c5,,field_586bc469214c6,Buckle,field_586bc477214c7,"stainless steel ",field_586bc488214c8,Steel,field_586bc49b214ca,34,field_586b745e69a7d,,field_586bc4ad214cb,"Stainless steel ",field_586bc4b5214cc,Plexiglas,field_586bc4c4214cd,Blue,field_586bc4ce214ce,"No numerals",field_5873d2a341247,,field_586bc4dd214d0,,field_586bc4f2214d2,8,90,7959995267369488,,,,,,,,,,,,,,,,,,no,,,,,,,,,,,,,yes,yes,,product,,,,,,,,,,,,,,,,,,,,,,,,,,,,,,,,,,,no,7959995294036152,1,,,,,0,,,,,"Brand, Rolex Model, Date. Reference number, 1500. Movement, Automatic. Case material, Stainless steel on a leather strap. Knightsbridge",,,,,,,
6717,simple,,,Date,1,0,visible,,"Rolex Date\n\nRef: 1500\n\nCustomised mother of pearl roman numeral dial.\n\n34mm case size.\n\n18k yellow gold case on leather.\n\nBox and warranty available.\n\n&nbsp;",,,taxable,,1,,,0,0,,,,,1,,,5750,Rolex,,,"https://pachaoflondon.com/wp-content/uploads/2023/10/Photoroom_20250103_032339.jpg, https://pachaoflondon.com/wp-content/uploads/2023/10/Photoroom_20250103_032339.jpg, https://pachaoflondon.com/wp-content/uploads/2023/10/thumbnail_IMG_2746.jpg, https://pachaoflondon.com/wp-content/uploads/2023/10/thumbnail_IMG_2747.jpg, https://pachaoflondon.com/wp-content/uploads/2023/10/thumbnail_IMG_2749fefveff.jpg, https://pachaoflondon.com/wp-content/uploads/2023/10/fhffnfjmfm.jpg",,,,,,,,,0,,"34mm, custom mother of pearl dial, leather,18k yellow gold, automatic ",field_586a50d32fdc2,1500,field_586bc3c6214bc,,field_586bc3e2214bd,Watch,field_58752651bb382,Pre-owned,field_587526d8bb384,"1 (mint)",field_586bc400214be,Yes,field_5873b9289d99a,No,field_5873b92d9d99b,Men’s,field_586bc406214bf,London,field_586bc413214c0,,field_586bb3707b79a,Immediately,field_5873b849ba10d,,field_587526abbb383,Automatic,field_586bc437214c2,,field_5873d1f749c2b,,field_5873d20849c2c,,field_5873d21249c2d,Leather,field_586bc452214c4,Brown,field_586bc45d214c5,,field_586bc469214c6,Buckle,field_586bc477214c7,"yellow gold ",field_586bc488214c8,"Yellow gold",field_586bc49b214ca,34,field_586b745e69a7d,,field_586bc4ad214cb,"yellow gold",field_586bc4b5214cc,Plexiglas,field_586bc4c4214cd,"Mother of pearl",field_586bc4ce214ce,"Roman numerals",field_5873d2a341247,,field_586bc4dd214d0,,field_586bc4f2214d2,,90,23913841248230873,,,,,,,,,,,,,,,,,,no,,,,,,,,,,,,,yes,yes,,product,,,,,,,,,,,,,,,,,,,,,,,,,,,,,,,,,,,no,23913841328230865,1,classic-editor,,,,,,,,,"Brand,Rolex. Model, Date. Reference number, 1500. Movement, Automatic. Case material, Yellow gold on leather. Dial, Mother of pearl. Knightsbridge",,,,,,,
7121,simple,,,"Royal Oak Offshore",1,0,visible,,"Audemars Piguet Royal Oak Offshore\n\nRef: 25770ST\n\nStainless steel case with a customised round brilliant cut diamond setting.\n\nBlack leather strap\n\n1990's era\n\nBox and one year Pacha Of London warranty",,,taxable,,1,,,0,0,,,,,1,,,17000,"Audemars Piguet",,,"https://pachaoflondon.com/wp-content/uploads/2023/12/Photoroom_20250103_033953.jpg, https://pachaoflondon.com/wp-content/uploads/2023/12/Photoroom_20250103_033953.jpg, https://pachaoflondon.com/wp-content/uploads/2023/12/thumbnail_DD75DFC9-5C7A-4866-8D15-670E86A506A0.jpg, https://pachaoflondon.com/wp-content/uploads/2023/12/thumbnail_B12CA8F9-90C7-41E6-BB58-D55ACF035F48.jpg, https://pachaoflondon.com/wp-content/uploads/2023/12/thumbnail_5380CF8A-9E54-4AE7-BEE1-3DE11D56F23F.jpg",,,,,,,,,0,,"42mm, Offshore, stainless steel, Customized diamonds,Round brilliant cut, leather strap",field_586a50d32fdc2,25770ST,field_586bc3c6214bc,,field_586bc3e2214bd,Watch,field_58752651bb382,Pre-owned,field_587526d8bb384,"2 (fine)",field_586bc400214be,Yes,field_5873b9289d99a,No,field_5873b92d9d99b,Men’s,field_586bc406214bf,London,field_586bc413214c0,"Approx 1990 ",field_586bb3707b79a,Immediately,field_5873b849ba10d,,field_587526abbb383,Automatic,field_586bc437214c2,,field_5873d1f749c2b,,field_5873d20849c2c,,field_5873d21249c2d,Leather,field_586bc452214c4,Black,field_586bc45d214c5,,field_586bc469214c6,Buckle,field_586bc477214c7,"stainless steel ",field_586bc488214c8,Steel,field_586bc49b214ca,42,field_586b745e69a7d,,field_586bc4ad214cb,Diamonds,field_586bc4b5214cc,,field_586bc4c4214cd,,field_586bc4ce214ce,"No numerals",field_5873d2a341247,,field_586bc4dd214d0,,field_586bc4f2214d2,9,90,7051716921531828,,,,,,,,,,,,,,,,,,no,,,,,,,,,,,,,yes,yes,,product,,,,,,,,,,,,,,,,,,,,,,,,,,,,,,,,,,,no,7051716958198491,1,classic-editor,,,,,,,,,"Audemars Piguet-Royal oak offshore-25770ST-Stainless steel/Round brilliant cut set diamond case-42mm case size-1990's Model-Available immediately-Location: knightsbridge",,,,,,,
7126,simple,,,"Royal Oak",1,0,visible,,"Audemars Piguet Royal Oak\n\nRef: 25572SA.OO.0789SA.01\n\n36mm case, steel and yellow gold, displays day and date\n\nSteel and yellow gold case and bracelet\n\nBox and service papers from Audemars Piguet\n\nOne year warranty from Pacha Of London",,,taxable,,1,,,0,0,,,,,1,,,22000,"Audemars Piguet",,,"https://pachaoflondon.com/wp-content/uploads/2023/12/Photoroom_20241219_143802.jpg, https://pachaoflondon.com/wp-content/uploads/2023/12/Photoroom_20241219_143802.jpg, https://pachaoflondon.com/wp-content/uploads/2023/12/thumbnail_B19F8E73-1EC0-46B3-B728-CD4E88ECFB39.jpg, https://pachaoflondon.com/wp-content/uploads/2023/12/thumbnail_A7BAEE29-3737-4F66-9E7D-01F2F5E01089.jpg, https://pachaoflondon.com/wp-content/uploads/2023/12/thumbnail_A321553C-F7B7-43C8-951B-8DE29A8C9BF9.jpg, https://pachaoflondon.com/wp-content/uploads/2023/12/thumbnail_25C2E9AC-6EC9-40F8-89EA-100EFD98CA08.jpg",,,,,,,,,0,,"Service papers, 36mm, day-date, steel and yellow gold, champagne dial",field_586a50d32fdc2,25572SA.OO.0789SA.01,field_586bc3c6214bc,,field_586bc3e2214bd,Watch,field_58752651bb382,Pre-owned,field_587526d8bb384,"1 (mint)",field_586bc400214be,Yes,field_5873b9289d99a,No,field_5873b92d9d99b,,field_586bc406214bf,London,field_586bc413214c0,"Approx 1990's",field_586bb3707b79a,Immediately,field_5873b849ba10d,,field_587526abbb383,Automatic,field_586bc437214c2,,field_5873d1f749c2b,,field_5873d20849c2c,,field_5873d21249c2d,Gold/Steel,field_586bc452214c4,Gold/Steel,field_586bc45d214c5,,field_586bc469214c6,"Fold clasp",field_586bc477214c7,"steel and yellow gold",field_586bc488214c8,Gold/Steel,field_586bc49b214ca,36,field_586b745e69a7d,,field_586bc4ad214cb,"yellow gold",field_586bc4b5214cc,,field_586bc4c4214cd,Gold,field_586bc4ce214ce,"No numerals",field_5873d2a341247,,field_586bc4dd214d0,,field_586bc4f2214d2,9,90,7278795538832492,,,,,,,,,,,,,,,,,,no,,,,,,,,,,,,,yes,yes,,product,,,,,,,,,,,,,,,,,,,,,,,,,,,,,,,,,,,no,7278795572165822,1,classic-editor,,,,,,,,,"Audemars Piguet-Royal oak daydate-25572SA.OO.0789SA.01-36mm-Steel and yellow-Audemars Piguet service papers-Available immediately",,,,,,,
7132,simple,,,Cobra,1,0,visible,,"Audemars Piguet iconic Cobra\n\n18k white gold snake design bracelet, black diamond dial\n\nManual winding\n\n26mm case size\n\nBox and Pacha Of London warranty\n\n&nbsp;",,,taxable,,1,,,0,0,,,,,1,,,12950,"Audemars Piguet",,,"https://pachaoflondon.com/wp-content/uploads/2023/12/Photoroom_20241219_143835.jpg, https://pachaoflondon.com/wp-content/uploads/2023/12/Photoroom_20241219_143835.jpg, https://pachaoflondon.com/wp-content/uploads/2023/12/thumbnail_1869F1AF-834F-4924-8ED0-A545B2E9C198.jpg, https://pachaoflondon.com/wp-content/uploads/2023/12/thumbnail_38A85D11-2F00-4234-8816-A67DAC233BBA-1.jpg, https://pachaoflondon.com/wp-content/uploads/2023/12/thumbnail_B84F085C-D3CB-48B1-8B41-1512C1161FE7.jpg, https://pachaoflondon.com/wp-content/uploads/2023/12/thumbnail_BB5F50B2-CA8F-42B2-ADBF-B08627097A15.jpg",,,,,,,,,0,,"Iconic Cobra,18k White gold, Diamond dial, Circa 1970-1980",field_586a50d32fdc2,1970/1980,field_586bc3c6214bc,,field_586bc3e2214bd,Watch,field_58752651bb382,Pre-owned,field_587526d8bb384,"1 (mint)",field_586bc400214be,Yes,field_5873b9289d99a,No,field_5873b92d9d99b,Unisex,field_586bc406214bf,London,field_586bc413214c0,1970-1980,field_586bb3707b79a,Immediately,field_5873b849ba10d,,field_587526abbb383,"Manual winding",field_586bc437214c2,,field_5873d1f749c2b,,field_5873d20849c2c,,field_5873d21249c2d,"White Gold",field_586bc452214c4,White,field_586bc45d214c5,,field_586bc469214c6,"Jewelry clasp",field_586bc477214c7,"white gold ",field_586bc488214c8,"White gold",field_586bc49b214ca,26,field_586b745e69a7d,,field_586bc4ad214cb,"white gold ",field_586bc4b5214cc,,field_586bc4c4214cd,Black,field_586bc4ce214ce,"No numerals",field_5873d2a341247,,field_586bc4dd214d0,,field_586bc4f2214d2,9,90,24325276743786575,,,,,,,,,,,,,,,,,,no,,,,,,,,,,,,,yes,yes,,product,,,,,,,,,,,,,,,,,,,,,,,,,,,,,,,,,,,no,24325276803786569,1,classic-editor,,,,0,,,,,"Audemars Piguet-Cobra-18k white gold-snake design-Circa 1970's-Available immediately-Location: Knightsbridge",,,,,,,
7146,simple,,,Ellipse,1,0,visible,,"Patek Philippe Ellipse\n\nRef: 3548/1\n\n18k Yellow gold, mesh bracelet\n\nNavy Blue dial, Manual wind movement\n\n32mm case size\n\nBox and Pacha Of London warranty",,,taxable,,1,,,0,0,,,,,1,,,13500,"Patek Philippe",,,"https://pachaoflondon.com/wp-content/uploads/2023/12/6BF96CBE-BAE5-4208-B172-C486E58B0EE0.jpeg, https://pachaoflondon.com/wp-content/uploads/2023/12/6BF96CBE-BAE5-4208-B172-C486E58B0EE0.jpeg, https://pachaoflondon.com/wp-content/uploads/2023/12/thumbnail_276BCB7B-CFC3-4031-9F22-04E17710E999.jpg, https://pachaoflondon.com/wp-content/uploads/2023/12/thumbnail_44A5186C-96D7-48C9-B30D-92BFB31E34B9.jpg, https://pachaoflondon.com/wp-content/uploads/2023/12/thumbnail_1958CF9C-4C4D-417C-80A2-7E533D9B32F3.jpg, https://pachaoflondon.com/wp-content/uploads/2023/12/thumbnail_1D45C90A-A928-4F26-92EE-5FE2F7EEF187.jpg",,,,,,,,,0,,"32mm, Manual wind, 18k yellow, Navy dial, Mesh bracelet ",field_586a50d32fdc2,3548/1,field_586bc3c6214bc,,field_586bc3e2214bd,Watch,field_58752651bb382,Pre-owned,field_587526d8bb384,"2 (fine)",field_586bc400214be,Yes,field_5873b9289d99a,No,field_5873b92d9d99b,Unisex,field_586bc406214bf,London,field_586bc413214c0,"Approx 1990's ",field_586bb3707b79a,Immediately,field_5873b849ba10d,,field_587526abbb383,"Manual winding",field_586bc437214c2,,field_5873d1f749c2b,,field_5873d20849c2c,,field_5873d21249c2d,"Yellow Gold",field_586bc452214c4,Yellow,field_586bc45d214c5,,field_586bc469214c6,"Fold clasp",field_586bc477214c7,"yellow ",field_586bc488214c8,"Yellow gold",field_586bc49b214ca,32,field_586b745e69a7d,,field_586bc4ad214cb,"yellow gold",field_586bc4b5214cc,,field_586bc4c4214cd,Blue,field_586bc4ce214ce,"No numerals",field_5873d2a341247,,field_586bc4dd214d0,,field_586bc4f2214d2,10,90,24341898918789299,,,,,,,,,,,,,,,,,,no,,,,,,,,,,,,,yes,yes,,product,,,,,,,,,,,,,,,,,,,,,,,,,,,,,,,,,,,no,24341898982122626,1,classic-editor,,,,0,,,,,"Patek Philippe-Ellipse-3548/1-18k yellow gold-mesh bracelet-Available immediately-Location: Knightsbridge",,,,,,,
7240,simple,,,"Five Time zone",1,0,visible,,"Jacob &amp; Co\n\nRef: JC-47SBYDC\n\nStainless steel case set with diamonds, 47mm case size.\n\nFeature: 5-Time zone.\n\nBox and warranty.\n\nAvailable immediately at Knightsbridge, London showroom.",,,taxable,,1,,,0,0,,,,,1,,,14000,"Watches > Jacob & co",,,"https://pachaoflondon.com/wp-content/uploads/2023/12/Photoroom_20241214_174302.jpg, https://pachaoflondon.com/wp-content/uploads/2023/12/Photoroom_20241214_174302.jpg, https://pachaoflondon.com/wp-content/uploads/2023/12/thumbnail_36A7126B-2C8C-4226-90FE-F74258116E99.jpg, https://pachaoflondon.com/wp-content/uploads/2023/12/thumbnail_BC56DE88-9B51-4B71-8611-B3ACAFDE7A6D.jpg, https://pachaoflondon.com/wp-content/uploads/2023/12/thumbnail_597C7C64-F027-4299-B25C-1828DF5C20D1.jpg, https://pachaoflondon.com/wp-content/uploads/2023/12/thumbnail_273B6B0D-6F76-4F02-AC50-2F5BF92AFCF3.jpg, https://pachaoflondon.com/wp-content/uploads/2023/12/thumbnail_AAD4A791-97FD-47EB-989B-3A9417DC5480.jpg",,,,,,,,,0,,"Five time zone, stainless steel, diamonds, 47mm, quartz, strap",field_586a50d32fdc2,JC-47SBYDC,field_586bc3c6214bc,,field_586bc3e2214bd,Watch,field_58752651bb382,Pre-owned,field_587526d8bb384,"1 (mint)",field_586bc400214be,Yes,field_5873b9289d99a,No,field_5873b92d9d99b,Men’s,field_586bc406214bf,London,field_586bc413214c0,,field_586bb3707b79a,Immediately,field_5873b849ba10d,,field_587526abbb383,Quartz,field_586bc437214c2,,field_5873d1f749c2b,,field_5873d20849c2c,,field_5873d21249c2d,Steel,field_586bc452214c4,Yellow,field_586bc45d214c5,,field_586bc469214c6,"Fold clasp",field_586bc477214c7,"stainless steel ",field_586bc488214c8,Steel,field_586bc49b214ca,47,field_586b745e69a7d,,field_586bc4ad214cb,Diamonds,field_586bc4b5214cc,,field_586bc4c4214cd,,field_586bc4ce214ce,"No numerals",field_5873d2a341247,,field_586bc4dd214d0,,field_586bc4f2214d2,52,90,7256082047770074,,,,,,,,,,,,,,,,,,no,,,,,,,,,,,,,yes,yes,,product,,,,,,,,,,,,,,,,,,,,,,,,,,,,,,,,,,,no,7256082077770071,1,classic-editor,,,,,,,,,"Jacob & co-Five time zone-JC-47SBYDC-Stainless steel-Diamonds-Available immediately-Location: Knightsbridge",,,,,,,
7410,simple,,,"Cosmograph daytona",1,0,visible,,"Rolex Cosmograph Daytona\n\nRef: 16528\n\n40mm case size\n\nZenith movement\n\n18k yellow gold case and oyster bracelet\n\nBox and Pacha of London warranty\n\n&nbsp;\n\n&nbsp;",,,taxable,,1,,,0,0,,,,,1,,,43000,Rolex,,,"https://pachaoflondon.com/wp-content/uploads/2024/02/257C1CD3-27FD-41DE-9DD7-ED75CE723DE1.jpg, https://pachaoflondon.com/wp-content/uploads/2024/02/257C1CD3-27FD-41DE-9DD7-ED75CE723DE1.jpg, https://pachaoflondon.com/wp-content/uploads/2024/02/thumbnail_IMG_4408.jpg, https://pachaoflondon.com/wp-content/uploads/2024/02/thumbnail_IMG_4409.jpg, https://pachaoflondon.com/wp-content/uploads/2024/02/thumbnail_IMG_4412.jpg",,,,,,,,,0,,"Zenith Movement, white dial, 18k yellow gold, oyster bracelet, automatic, Circa 1990's ",field_586a50d32fdc2,16528,field_586bc3c6214bc,,field_586bc3e2214bd,Watch,field_58752651bb382,Pre-owned,field_587526d8bb384,"2 (fine)",field_586bc400214be,Yes,field_5873b9289d99a,No,field_5873b92d9d99b,Men’s,field_586bc406214bf,London,field_586bc413214c0,1995,field_586bb3707b79a,Immediately,field_5873b849ba10d,,field_587526abbb383,Automatic,field_586bc437214c2,,field_5873d1f749c2b,,field_5873d20849c2c,,field_5873d21249c2d,"Yellow Gold",field_586bc452214c4,Yellow,field_586bc45d214c5,,field_586bc469214c6,"Double-fold clasp",field_586bc477214c7,"yellow ",field_586bc488214c8,"Yellow gold",field_586bc49b214ca,40,field_586b745e69a7d,,field_586bc4ad214cb,"yellow gold",field_586bc4b5214cc,"Sapphire Glass",field_586bc4c4214cd,White,field_586bc4ce214ce,"No numerals",field_5873d2a341247,,field_586bc4dd214d0,,field_586bc4f2214d2,8,90,7497657330296154,,,,,,,,,,,,,,,,,,no,,,,,,,,,,,,,yes,yes,,product,,,,,,,,,,,,,,,,,,,,,,,,,,,,,,,,,,,no,7497657393629481,1,classic-editor,,,,0,,,,,"Rolex cosmograph daytona-165258-18k yellow gold-Zenith Movement-Circa 1990's-Fair condition-Available immediately-Knighstbridge",,,,,,,
7419,simple,,,Airking,1,0,visible,,"Rolex Airking\n\nRef: 5500\n\nStainless steel, 34mm case size featuring a custom stella red dial\n\nBox and watch dated 2000\n\nOne year Pacha Of London Warranty",,,taxable,,1,,,0,0,,,,,1,,,7500,Rolex,,,"https://pachaoflondon.com/wp-content/uploads/2024/02/Photoroom_20250122_120624.jpg, https://pachaoflondon.com/wp-content/uploads/2024/02/Photoroom_20250122_120624.jpg, https://pachaoflondon.com/wp-content/uploads/2024/02/thumbnail_95E06897-461A-46F8-A8AF-A2353B9D66B9.jpg, https://pachaoflondon.com/wp-content/uploads/2024/02/thumbnail_E15FF136-25AF-4AA3-A685-10D463CFA1A3.jpg, https://pachaoflondon.com/wp-content/uploads/2024/02/thumbnail_3927BFF3-FDAA-4484-8688-987EA3656DA7.jpg",,,,,,,,,0,,"34mm, oyster perpetual, stella red dial, stainless steel, circa 2000",field_586a50d32fdc2,5500,field_586bc3c6214bc,,field_586bc3e2214bd,Watch,field_58752651bb382,Pre-owned,field_587526d8bb384,"1 (mint)",field_586bc400214be,Yes,field_5873b9289d99a,No,field_5873b92d9d99b,Men’s,field_586bc406214bf,London,field_586bc413214c0,2000,field_586bb3707b79a,Immediately,field_5873b849ba10d,,field_587526abbb383,Automatic,field_586bc437214c2,,field_5873d1f749c2b,,field_5873d20849c2c,,field_5873d21249c2d,Steel,field_586bc452214c4,Steel,field_586bc45d214c5,,field_586bc469214c6,"Fold clasp",field_586bc477214c7,"stainless steel ",field_586bc488214c8,Steel,field_586bc49b214ca,34,field_586b745e69a7d,,field_586bc4ad214cb,"Stainless steel ",field_586bc4b5214cc,"Sapphire Glass",field_586bc4c4214cd,Red,field_586bc4ce214ce,"No numerals",field_5873d2a341247,,field_586bc4dd214d0,,field_586bc4f2214d2,,90,25859013890364919,,,,,,,,,,,,,,,,,,no,,,,,,,,,,,,,yes,yes,,product,,,,,,,,,,,,,,,,,,,,,,,,,,,,,,,,,,,no,25859013993698242,1,classic-editor,,,,,,,,,"Rolex-Airking-Ref: 5500-Stainless steel-good condition-circa 2000-Available immediately-Knighstbride, London",,,,,,,
7427,simple,,,"Oyster date",1,0,visible,,"Rolex Oyster date\n\nRef: 15200\n\n34mm Stainless steel, oyster bracelet featuring custom painted tifanny blue dial.\n\nBox only, watch dated 2002\n\nOne year Pacha Of London warranty",,,taxable,,1,,,0,0,,,,,1,,,7750,Rolex,,,"https://pachaoflondon.com/wp-content/uploads/2024/02/Photoroom_20250122_120651.jpg, https://pachaoflondon.com/wp-content/uploads/2024/02/Photoroom_20250122_120651.jpg, https://pachaoflondon.com/wp-content/uploads/2024/02/thumbnail_21300018-426C-4F68-9AD6-2119D4C46630.jpg, https://pachaoflondon.com/wp-content/uploads/2024/02/thumbnail_BA3212C4-8219-4775-AA34-7B7F853AB0EE.jpg, https://pachaoflondon.com/wp-content/uploads/2024/02/thumbnail_B639CECD-C8FD-426A-8570-B79C0C244560.jpg",,,,,,,,,0,,"34mm, oyster date, Tifanny blue dial, roman numeral, stainless steel ",field_586a50d32fdc2,15200,field_586bc3c6214bc,,field_586bc3e2214bd,Watch,field_58752651bb382,Pre-owned,field_587526d8bb384,"1 (mint)",field_586bc400214be,Yes,field_5873b9289d99a,No,field_5873b92d9d99b,Men’s,field_586bc406214bf,London,field_586bc413214c0,2002,field_586bb3707b79a,Immediately,field_5873b849ba10d,,field_587526abbb383,Automatic,field_586bc437214c2,,field_5873d1f749c2b,,field_5873d20849c2c,,field_5873d21249c2d,Steel,field_586bc452214c4,Steel,field_586bc45d214c5,,field_586bc469214c6,"Fold clasp",field_586bc477214c7,"stainless steel ",field_586bc488214c8,Steel,field_586bc49b214ca,34,field_586b745e69a7d,,field_586bc4ad214cb,"Stainless steel ",field_586bc4b5214cc,"Sapphire Glass",field_586bc4c4214cd,Blue,field_586bc4ce214ce,"Roman numerals",field_5873d2a341247,,field_586bc4dd214d0,,field_586bc4f2214d2,8,90,7500067763382865,,,,,,,,,,,,,,,,,,no,,,,,,,,,,,,,yes,yes,,product,,,,,,,,,,,,,,,,,,,,,,,,,,,,,,,,,,,no,7500067803382861,1,classic-editor,,,,,,,,,"Rolex-Oyster date-15200-Stainless steel-34mm case size-Tifanny blue dial-Available immediately-Knightsbridge, London",,,,,,,
7502,simple,,,"Oyster Perpetual",1,0,visible,,"Rolex ,Oyster Perpetual\n\nRef: 76030\n\n24mm case size\n\nStainless steel and oyster style bracelet\n\nAutomatic wrist movement\n\nBox and one year Pacha Of London warranty\n\n&nbsp;",,,taxable,,1,,,0,0,,,,,1,,,3500,Rolex,,,"https://pachaoflondon.com/wp-content/uploads/2024/02/BD9BCEE1-DAC0-4585-A9D6-314479C96DC7.jpeg, https://pachaoflondon.com/wp-content/uploads/2024/02/BD9BCEE1-DAC0-4585-A9D6-314479C96DC7.jpeg, https://pachaoflondon.com/wp-content/uploads/2024/02/thumbnail_C57F7B9F-BB5E-4DD9-AA1D-96D1BF855F1A.jpg, https://pachaoflondon.com/wp-content/uploads/2024/02/thumbnail_8F4F2129-B543-412A-B811-271E9958CBB6.jpg, https://pachaoflondon.com/wp-content/uploads/2024/02/thumbnail_07376325-1815-472E-B0BE-7DC82921DF59.jpg, https://pachaoflondon.com/wp-content/uploads/2024/02/thumbnail_C8522428-8661-48C8-BE84-23E95D8A9D2A.jpg",,,,,,,,,0,,"24mm, Stainless steel, blue dial, oyster bracelet, automatic",field_586a50d32fdc2,76030,field_586bc3c6214bc,,field_586bc3e2214bd,Watch,field_58752651bb382,Pre-owned,field_587526d8bb384,"1 (mint)",field_586bc400214be,Yes,field_5873b9289d99a,No,field_5873b92d9d99b,Women’s,field_586bc406214bf,London,field_586bc413214c0,2005,field_586bb3707b79a,Immediately,field_5873b849ba10d,,field_587526abbb383,Automatic,field_586bc437214c2,,field_5873d1f749c2b,,field_5873d20849c2c,,field_5873d21249c2d,Steel,field_586bc452214c4,Steel,field_586bc45d214c5,,field_586bc469214c6,"Fold clasp",field_586bc477214c7,,field_586bc488214c8,Steel,field_586bc49b214ca,24,field_586b745e69a7d,,field_586bc4ad214cb,"Stainless steel ",field_586bc4b5214cc,"Sapphire Glass",field_586bc4c4214cd,Blue,field_586bc4ce214ce,"Arabic numerals",field_5873d2a341247,,field_586bc4dd214d0,,field_586bc4f2214d2,8,90,7624130167626559,,,,,,,,,,,,,,,,,,no,,,,,,,,,,,,,yes,yes,,product,,,,,,,,,,,,,,,,,,,,,,,,,,,,,,,,,,,no,7624130230959886,1,classic-editor,,,,0,,,,,,,,,,,,
7514,simple,,,Ingenieur,1,0,visible,,"Iwc Ingenieur\n\nRef: IW322701\n\n42mm case size\n\nStainless steel case and bracelet\n\nBox only and one year warranty included",,,taxable,,1,,,0,0,,,,,1,,,3500,Iwc,,,"https://pachaoflondon.com/wp-content/uploads/2024/03/E473451D-9BB1-4DC0-BC03-71284AFD9B29.jpg, https://pachaoflondon.com/wp-content/uploads/2024/03/E473451D-9BB1-4DC0-BC03-71284AFD9B29.jpg, https://pachaoflondon.com/wp-content/uploads/2024/03/thumbnail_4A7F85E2-EBB9-4196-A381-872CAA412750.jpg, https://pachaoflondon.com/wp-content/uploads/2024/03/thumbnail_3347990A-7EFA-4797-92A9-2D01D01C902D.jpg",,,,,,,,,0,,"42mm, Stainless steel, Automatic, Black baton dial ",field_586a50d32fdc2,IW322701,field_586bc3c6214bc,,field_586bc3e2214bd,Watch,field_58752651bb382,Pre-owned,field_587526d8bb384,"1 (mint)",field_586bc400214be,Yes,field_5873b9289d99a,No,field_5873b92d9d99b,Men’s,field_586bc406214bf,London,field_586bc413214c0,,field_586bb3707b79a,Immediately,field_5873b849ba10d,,field_587526abbb383,Automatic,field_586bc437214c2,,field_5873d1f749c2b,,field_5873d20849c2c,,field_5873d21249c2d,Steel,field_586bc452214c4,Steel,field_586bc45d214c5,,field_586bc469214c6,"Fold clasp",field_586bc477214c7,"stainless steel ",field_586bc488214c8,Steel,field_586bc49b214ca,42,field_586b745e69a7d,,field_586bc4ad214cb,"Stainless steel ",field_586bc4b5214cc,,field_586bc4c4214cd,,field_586bc4ce214ce,"No numerals",field_5873d2a341247,,field_586bc4dd214d0,,field_586bc4f2214d2,17,90,7576533172397640,,,,,,,,,,,,,,,,,,no,,,,,,,,,,,,,yes,yes,,product,,,,,,,,,,,,,,,,,,,,,,,,,,,,,,,,,,,no,7576533855730905,1,classic-editor,,,,0,,,,,,,,,,,,2024-03-01
7697,simple,,,"Louis Vuitton Locket Double ring",1,0,visible,,"Louis Vuitton Locket ring\n\nRRP £8750\n\n18k white gold\n\nRound brilliant cut diamonds\n\nSize 49\n\n&nbsp;",,,taxable,,1,,,0,0,,,,,1,,,4750,"Branded Jewellery, Jewellery Collection, Branded Jewellery > Louis Vuitton, Jewellery Collection > Rings",,,"https://pachaoflondon.com/wp-content/uploads/2024/04/Photoroom_20240406_173143.jpg, https://pachaoflondon.com/wp-content/uploads/2024/04/Photoroom_20240406_173143.jpg",,,,,,,,,0,,"Diamonds, 18k white gold, Double ring, Locket",field_586a50d32fdc2,,field_586bc3c6214bc,,field_586bc3e2214bd,,field_58752651bb382,Pre-owned,field_587526d8bb384,"1 (mint)",field_586bc400214be,,field_5873b9289d99a,,field_5873b92d9d99b,Unisex,field_586bc406214bf,London,field_586bc413214c0,,field_586bb3707b79a,Immediately,field_5873b849ba10d,,field_587526abbb383,,field_586bc437214c2,,field_5873d1f749c2b,,field_5873d20849c2c,,field_5873d21249c2d,,field_586bc452214c4,,field_586bc45d214c5,,field_586bc469214c6,,field_586bc477214c7,,field_586bc488214c8,,field_586bc49b214ca,,field_586b745e69a7d,,field_586bc4ad214cb,,field_586bc4b5214cc,,field_586bc4c4214cd,,field_586bc4ce214ce,,field_5873d2a341247,,field_586bc4dd214d0,,field_586bc4f2214d2,60,90,25055947030717527,,,,,,,,,,,,,,,,,,no,,,,,,,,,,,,,yes,yes,,product,,,,,,,,,,,,,,,,,,,,,,,,,,,,,,,,,,,no,25055947104050853,1,classic-editor,,,,0,,,,,,"White Gold",field_65fb11bc73f04,yes,field_65fb124173f05,Ladies,field_65fb129f73f06,
7701,simple,,,"Pave diamond band",1,0,visible,,"Round brilliant cut pave diamond band.\n\n2.50ct total diamond weight, set on a 18k white gold band.\n\nE/vvs\n\nMeasuring 12.11mm width.",,,taxable,,1,,,0,0,,,,,1,,,6650,"Jewellery Collection, Jewellery Collection > Rings",,,"https://pachaoflondon.com/wp-content/uploads/2024/04/Photoroom_20240405_161112.jpg, https://pachaoflondon.com/wp-content/uploads/2024/04/Photoroom_20240405_161112.jpg",,,,,,,,,0,,"Pave diamonds, band, 18k white gold",field_586a50d32fdc2,,field_586bc3c6214bc,,field_586bc3e2214bd,,field_58752651bb382,Pre-owned,field_587526d8bb384,"1 (mint)",field_586bc400214be,,field_5873b9289d99a,,field_5873b92d9d99b,Unisex,field_586bc406214bf,London,field_586bc413214c0,,field_586bb3707b79a,,field_5873b849ba10d,,field_587526abbb383,,field_586bc437214c2,,field_5873d1f749c2b,,field_5873d20849c2c,,field_5873d21249c2d,,field_586bc452214c4,,field_586bc45d214c5,,field_586bc469214c6,,field_586bc477214c7,,field_586bc488214c8,,field_586bc49b214ca,,field_586b745e69a7d,,field_586bc4ad214cb,,field_586bc4b5214cc,,field_586bc4c4214cd,,field_586bc4ce214ce,,field_5873d2a341247,,field_586bc4dd214d0,,field_586bc4f2214d2,53,90,7528478990548049,,,,,,,,,,,,,,,,,,no,,,,,,,,,,,,,yes,yes,,product,,,,,,,,,,,,,,,,,,,,,,,,,,,,,,,,,,,no,7528479030548045,1,classic-editor,,,,,,,,,,"White Gold",field_65fb11bc73f04,yes,field_65fb124173f05,Ladies,field_65fb129f73f06,
7702,simple,,,Pasha,1,0,visible,,"Cartier Pasha\n\nRef: 2400\n\n32mm case, 18k white gold case and clasp\n\nLeather strap\n\nDiamond cage dial-interchangeable\n\nBox and one year pacha of London warranty",,,taxable,,1,,,0,0,,,,,1,,,6450,Cartier,,,"https://pachaoflondon.com/wp-content/uploads/2024/04/0DE269F6-7744-42B3-A8CF-7529C07897D9.jpeg, https://pachaoflondon.com/wp-content/uploads/2024/04/0DE269F6-7744-42B3-A8CF-7529C07897D9.jpeg",,,,,,,,,0,,"18k white gold, diamond cage, leather strap, 32mm ",field_586a50d32fdc2,2400,field_586bc3c6214bc,,field_586bc3e2214bd,Watch,field_58752651bb382,Pre-owned,field_587526d8bb384,"1 (mint)",field_586bc400214be,Yes,field_5873b9289d99a,No,field_5873b92d9d99b,Women’s,field_586bc406214bf,London,field_586bc413214c0,,field_586bb3707b79a,Immediately,field_5873b849ba10d,,field_587526abbb383,Automatic,field_586bc437214c2,,field_5873d1f749c2b,,field_5873d20849c2c,,field_5873d21249c2d,Leather,field_586bc452214c4,Green,field_586bc45d214c5,,field_586bc469214c6,"Fold clasp",field_586bc477214c7,"white gold ",field_586bc488214c8,"White gold",field_586bc49b214ca,32,field_586b745e69a7d,,field_586bc4ad214cb,"18k white gold ",field_586bc4b5214cc,,field_586bc4c4214cd,White,field_586bc4ce214ce,"Arabic numerals",field_5873d2a341247,,field_586bc4dd214d0,,field_586bc4f2214d2,12,90,7369646536414793,,,,,,,,,,,,,,,,,,no,,,,,,,,,,,,,yes,yes,,product,,,,,,,,,,,,,,,,,,,,,,,,,,,,,,,,,,,no,7369646596414787,1,classic-editor,,,,0,,,,,,"White Gold",field_65fb11bc73f04,yes,field_65fb124173f05,Ladies,field_65fb129f73f06,
7715,simple,,,"Diamond pendant",1,0,visible,,"Round brilliant cut, champagne diamond pendant.\n\nG/VVS\n\n18k White gold, includes chain.\n\n7.00ct total diamond weight.\n\n&nbsp;\n\n&nbsp;",,,taxable,,1,,,0,0,,,,,1,,,7950,"Jewellery Collection, Jewellery Collection > Necklace",,,"https://pachaoflondon.com/wp-content/uploads/2024/04/Photoroom_20240409_163743.jpg, https://pachaoflondon.com/wp-content/uploads/2024/04/Photoroom_20240409_163743.jpg",,,,,,,,,0,,"Round brilliant diamonds, champagne diamonds, 7.00ct",field_586a50d32fdc2,,field_586bc3c6214bc,,field_586bc3e2214bd,,field_58752651bb382,Pre-owned,field_587526d8bb384,"1 (mint)",field_586bc400214be,,field_5873b9289d99a,,field_5873b92d9d99b,Women’s,field_586bc406214bf,London,field_586bc413214c0,,field_586bb3707b79a,Immediately,field_5873b849ba10d,,field_587526abbb383,,field_586bc437214c2,,field_5873d1f749c2b,,field_5873d20849c2c,,field_5873d21249c2d,,field_586bc452214c4,,field_586bc45d214c5,,field_586bc469214c6,,field_586bc477214c7,,field_586bc488214c8,,field_586bc49b214ca,,field_586b745e69a7d,,field_586bc4ad214cb,,field_586bc4b5214cc,,field_586bc4c4214cd,,field_586bc4ce214ce,,field_5873d2a341247,,field_586bc4dd214d0,,field_586bc4f2214d2,53,90,7564590680245868,,,,,,,,,,,,,,,,,,no,,,,,,,,,,,,,yes,yes,,product,,,,,,,,,,,,,,,,,,,,,,,,,,,,,,,,,,,no,7564590730245863,1,classic-editor,,,,,,,,,,"White Gold",field_65fb11bc73f04,yes,field_65fb124173f05,Ladies,field_65fb129f73f06,
7718,simple,,,"Fatima pendant",1,0,visible,,"Bespoke Fatima pendant.\n\nRound brilliant cut diamonds.\n\n18k white gold.\n\n2.00ct total diamond weight.\n\n&nbsp;",,,taxable,,1,,,0,0,,,,,1,,,10950,"Jewellery Collection, Pendants",,,"https://pachaoflondon.com/wp-content/uploads/2024/04/Photoroom_20240409_172005.jpg, https://pachaoflondon.com/wp-content/uploads/2024/04/Photoroom_20240409_172005.jpg",,,,,,,,,0,,"Diamond pendant, 18k white gold, hand made ",field_586a50d32fdc2,,field_586bc3c6214bc,,field_586bc3e2214bd,,field_58752651bb382,Pre-owned,field_587526d8bb384,"1 (mint)",field_586bc400214be,,field_5873b9289d99a,,field_5873b92d9d99b,Unisex,field_586bc406214bf,London,field_586bc413214c0,,field_586bb3707b79a,Immediately,field_5873b849ba10d,,field_587526abbb383,,field_586bc437214c2,,field_5873d1f749c2b,,field_5873d20849c2c,,field_5873d21249c2d,,field_586bc452214c4,,field_586bc45d214c5,,field_586bc469214c6,,field_586bc477214c7,,field_586bc488214c8,,field_586bc49b214ca,,field_586b745e69a7d,,field_586bc4ad214cb,,field_586bc4b5214cc,,field_586bc4c4214cd,,field_586bc4ce214ce,,field_5873d2a341247,,field_586bc4dd214d0,,field_586bc4f2214d2,53,90,25219417307704436,,,,,,,,,,,,,,,,,,no,,,,,,,,,,,,,yes,yes,,product,,,,,,,,,,,,,,,,,,,,,,,,,,,,,,,,,,,no,25219417364371097,1,classic-editor,,,,,,,,,,"White Gold",field_65fb11bc73f04,yes,field_65fb124173f05,Ladies,field_65fb129f73f06,
7722,simple,,,"2.78ct Diamond pendant",1,0,visible,,"Diamond cluster set pendant.\n\n18k white gold, 9k white gold chain (included)\n\n2.78ct total diamond weight.\n\nVs/G colour.\n\n&nbsp;",,,taxable,,1,,,0,0,,,,,1,,,7250,"Jewellery Collection, Pendants",,,"https://pachaoflondon.com/wp-content/uploads/2024/04/Photoroom_20240411_132439-scaled.jpg, https://pachaoflondon.com/wp-content/uploads/2024/04/Photoroom_20240411_132439-1-scaled.jpg",,,,,,,,,0,,"Round brilliant cut, Diamond, pendant including chain ",field_586a50d32fdc2,,field_586bc3c6214bc,,field_586bc3e2214bd,,field_58752651bb382,Pre-owned,field_587526d8bb384,"1 (mint)",field_586bc400214be,,field_5873b9289d99a,,field_5873b92d9d99b,Women’s,field_586bc406214bf,London,field_586bc413214c0,,field_586bb3707b79a,Immediately,field_5873b849ba10d,,field_587526abbb383,,field_586bc437214c2,,field_5873d1f749c2b,,field_5873d20849c2c,,field_5873d21249c2d,,field_586bc452214c4,,field_586bc45d214c5,,field_586bc469214c6,,field_586bc477214c7,,field_586bc488214c8,,field_586bc49b214ca,,field_586b745e69a7d,,field_586bc4ad214cb,,field_586bc4b5214cc,,field_586bc4c4214cd,,field_586bc4ce214ce,,field_5873d2a341247,,field_586bc4dd214d0,,field_586bc4f2214d2,53,90,7612029218877913,,,,,,,,,,,,,,,,,,no,,,,,,,,,,,,,yes,yes,,product,,,,,,,,,,,,,,,,,,,,,,,,,,,,,,,,,,,no,7612029258877909,1,classic-editor,,,,,,,,,,"White Gold",field_65fb11bc73f04,yes,field_65fb124173f05,Ladies,field_65fb129f73f06,
7727,simple,,,B-zero1,1,0,visible,,"Bulgari B-zero1 collection ring\n\nRRP £3120\n\nSize 48\n\n18k Yellow gold\n\n&nbsp;",,,taxable,,1,,,0,0,,,,,1,,,2250,"Branded Jewellery, Jewellery Collection, Jewellery Collection > Rings",,,"https://pachaoflondon.com/wp-content/uploads/2024/04/Photoroom_20240412_154820.jpg, https://pachaoflondon.com/wp-content/uploads/2024/04/Photoroom_20240412_154820.jpg",,,,,,,,,0,,"18k yellow gold, size 48",field_586a50d32fdc2,,field_586bc3c6214bc,,field_586bc3e2214bd,,field_58752651bb382,Pre-owned,field_587526d8bb384,"1 (mint)",field_586bc400214be,Yes,field_5873b9289d99a,,field_5873b92d9d99b,Women’s,field_586bc406214bf,London,field_586bc413214c0,,field_586bb3707b79a,Immediately,field_5873b849ba10d,,field_587526abbb383,,field_586bc437214c2,,field_5873d1f749c2b,,field_5873d20849c2c,,field_5873d21249c2d,,field_586bc452214c4,,field_586bc45d214c5,,field_586bc469214c6,,field_586bc477214c7,,field_586bc488214c8,,field_586bc49b214ca,,field_586b745e69a7d,,field_586bc4ad214cb,,field_586bc4b5214cc,,field_586bc4c4214cd,,field_586bc4ce214ce,,field_5873d2a341247,,field_586bc4dd214d0,,field_586bc4f2214d2,60,90,25092995717012855,,,,,,,,,,,,,,,,,,no,,,,,,,,,,,,,yes,yes,,product,,,,,,,,,,,,,,,,,,,,,,,,,,,,,,,,,,,no,25092995767012850,1,classic-editor,,,,0,,,,,,Gold,field_65fb11bc73f04,no,field_65fb124173f05,Ladies,field_65fb129f73f06,
7729,simple,,,"Diamond rhodium plated ring",1,0,visible,,"Double layer diamond ring.\n\nRhodium plated and 18k white gold diamond ring.\n\n5ct Total diamond weight.\n\nVS2/ G Colour.",,,taxable,,1,,,0,0,,,,,1,,,6950,"Jewellery Collection, Jewellery Collection > Rings",,,"https://pachaoflondon.com/wp-content/uploads/2024/04/Photoroom_20240415_164856.jpg, https://pachaoflondon.com/wp-content/uploads/2024/04/Photoroom_20240415_164856.jpg, https://pachaoflondon.com/wp-content/uploads/2024/04/Photoroom_20240415_171255.jpg",,,,,,,,,0,,"18k white, Rhodium plated, round brilliant diamonds ",field_586a50d32fdc2,,field_586bc3c6214bc,,field_586bc3e2214bd,,field_58752651bb382,Pre-owned,field_587526d8bb384,"1 (mint)",field_586bc400214be,,field_5873b9289d99a,,field_5873b92d9d99b,,field_586bc406214bf,"London ",field_586bc413214c0,,field_586bb3707b79a,Immediately,field_5873b849ba10d,,field_587526abbb383,,field_586bc437214c2,,field_5873d1f749c2b,,field_5873d20849c2c,,field_5873d21249c2d,,field_586bc452214c4,,field_586bc45d214c5,,field_586bc469214c6,,field_586bc477214c7,,field_586bc488214c8,,field_586bc49b214ca,,field_586b745e69a7d,,field_586bc4ad214cb,,field_586bc4b5214cc,,field_586bc4c4214cd,,field_586bc4ce214ce,,field_5873d2a341247,,field_586bc4dd214d0,,field_586bc4f2214d2,53,90,25549303671334645,,,,,,,,,,,,,,,,,,no,,,,,,,,,,,,,yes,yes,,product,,,,,,,,,,,,,,,,,,,,,,,,,,,,,,,,,,,no,25549303738001305,1,classic-editor,,,,,,,,,,"White Gold",field_65fb11bc73f04,yes,field_65fb124173f05,Ladies,field_65fb129f73f06,
7732,simple,,,"Multi diamond cut ring",1,0,visible,,"Diamond ring with multi shape diamonds.\n\n18k white gold setting.\n\nG/VS\n\n4.00ct total diamond weight.",,,taxable,,1,,,0,0,,,,,1,,,8950,"Jewellery Collection, Jewellery Collection > Rings",,,"https://pachaoflondon.com/wp-content/uploads/2024/04/Photoroom_20240416_151657.jpg, https://pachaoflondon.com/wp-content/uploads/2024/04/Photoroom_20240416_151657.jpg, https://pachaoflondon.com/wp-content/uploads/2024/04/Photoroom_20240416_151744.jpg, https://pachaoflondon.com/wp-content/uploads/2024/04/Photoroom_20240416_151617.jpg",,,,,,,,,0,,"Emerald shape, pear shape, round brilliant cut, diamonds, 18k white gold ",field_586a50d32fdc2,,field_586bc3c6214bc,,field_586bc3e2214bd,,field_58752651bb382,Pre-owned,field_587526d8bb384,"2 (fine)",field_586bc400214be,,field_5873b9289d99a,,field_5873b92d9d99b,,field_586bc406214bf,London,field_586bc413214c0,,field_586bb3707b79a,Immediately,field_5873b849ba10d,,field_587526abbb383,,field_586bc437214c2,,field_5873d1f749c2b,,field_5873d20849c2c,,field_5873d21249c2d,,field_586bc452214c4,,field_586bc45d214c5,,field_586bc469214c6,,field_586bc477214c7,,field_586bc488214c8,,field_586bc49b214ca,,field_586b745e69a7d,,field_586bc4ad214cb,,field_586bc4b5214cc,,field_586bc4c4214cd,,field_586bc4ce214ce,,field_5873d2a341247,,field_586bc4dd214d0,,field_586bc4f2214d2,53,90,7862674693743358,,,,,,,,,,,,,,,,,,no,,,,,,,,,,,,,yes,yes,,product,,,,,,,,,,,,,,,,,,,,,,,,,,,,,,,,,,,no,7862674733743354,1,classic-editor,,,,,,,,,,"White Gold",field_65fb11bc73f04,yes,field_65fb124173f05,Ladies,field_65fb129f73f06,
7738,simple,,,"Diamond tennis bracelet",1,0,visible,,"Round brilliant cut diamond tennis bracelet.\n\nClaw setting.\n\nG/VS\n\n4.00ct total diamond weight.",,,taxable,,1,,,0,0,,,,,1,,,7450,"Jewellery Collection > Bracelets, Jewellery Collection",,,"https://pachaoflondon.com/wp-content/uploads/2024/04/Photoroom_20240416_160743-scaled.jpg, https://pachaoflondon.com/wp-content/uploads/2024/04/Photoroom_20240416_160743-scaled.jpg",,,,,,,,,0,,"Round brilliant cut, 4.00ct, tennis bracelet ",field_586a50d32fdc2,,field_586bc3c6214bc,,field_586bc3e2214bd,,field_58752651bb382,Pre-owned,field_587526d8bb384,"1 (mint)",field_586bc400214be,,field_5873b9289d99a,,field_5873b92d9d99b,,field_586bc406214bf,London,field_586bc413214c0,,field_586bb3707b79a,Immediately,field_5873b849ba10d,,field_587526abbb383,,field_586bc437214c2,,field_5873d1f749c2b,,field_5873d20849c2c,,field_5873d21249c2d,,field_586bc452214c4,,field_586bc45d214c5,,field_586bc469214c6,,field_586bc477214c7,,field_586bc488214c8,,field_586bc49b214ca,,field_586b745e69a7d,,field_586bc4ad214cb,,field_586bc4b5214cc,,field_586bc4c4214cd,,field_586bc4ce214ce,,field_5873d2a341247,,field_586bc4dd214d0,,field_586bc4f2214d2,53,90,7808012549216899,,,,,,,,,,,,,,,,,,no,,,,,,,,,,,,,yes,yes,,product,,,,,,,,,,,,,,,,,,,,,,,,,,,,,,,,,,,no,7808012582550229,1,classic-editor,,,,,,,,,,"White Gold",field_65fb11bc73f04,yes,field_65fb124173f05,Ladies,field_65fb129f73f06,
7781,simple,,,"Happy diamonds",1,0,visible,,"Chopard Happy diamonds\n\nRef: 4066\n\n18k yellow gold cocktail timepiece\n\nQuartz Movement\n\nFree flowing diamonds, round brilliant cut diamond bezel\n\n18k rope design bracelet\n\nComes with leather travel pouch and one year warranty\n\n&nbsp;\n\n&nbsp;",,,taxable,,1,,,0,0,,,,,1,,,6950,"Watches > Chopard",,,"https://pachaoflondon.com/wp-content/uploads/2024/05/Photoroom_20250224_163731.jpg, https://pachaoflondon.com/wp-content/uploads/2024/05/Photoroom_20250224_163731.jpg, https://pachaoflondon.com/wp-content/uploads/2024/05/EAAA3451-F066-445A-91DE-50BCD888CFE2.jpg, https://pachaoflondon.com/wp-content/uploads/2024/05/25517ADC-4BF1-40C0-AE01-2E716D7E4EBC.jpg",,,,,,,,,0,,"18k yellow gold, round brilliant cut diamonds, rope bracelet,22.8mm ",field_586a50d32fdc2,4066,field_586bc3c6214bc,,field_586bc3e2214bd,Watch,field_58752651bb382,Pre-owned,field_587526d8bb384,"2 (fine)",field_586bc400214be,No,field_5873b9289d99a,No,field_5873b92d9d99b,,field_586bc406214bf,London,field_586bc413214c0,,field_586bb3707b79a,Immediately,field_5873b849ba10d,,field_587526abbb383,Quartz,field_586bc437214c2,,field_5873d1f749c2b,,field_5873d20849c2c,,field_5873d21249c2d,,field_586bc452214c4,Yellow,field_586bc45d214c5,,field_586bc469214c6,,field_586bc477214c7,"18k yellow gold ",field_586bc488214c8,"Yellow gold",field_586bc49b214ca,22.8,field_586b745e69a7d,,field_586bc4ad214cb,"18k yellow gold ",field_586bc4b5214cc,,field_586bc4c4214cd,,field_586bc4ce214ce,,field_5873d2a341247,,field_586bc4dd214d0,,field_586bc4f2214d2,,90,9273110366110237,,,,,,,,,,,,,,,,,,no,,,,,,,,,,,,,yes,yes,,product,,,,,,,,,,,,,,,,,,,,,,,,,,,,,,,,,,,no,7513028768785081,1,classic-editor,,,,0,,,,,,,,,,,,
7804,simple,,,"Bzero 1",1,0,visible,,"Bvlgari Bzero1 collection\n\nBlack ceramic with rose gold and diamonds.\n\nSize 52\n\nRRP£4830\n\nOur price £3600",,,taxable,,1,,,0,0,,,,,1,,,3600,"Branded Jewellery, Jewellery Collection, Jewellery Collection > Rings",,,"https://pachaoflondon.com/wp-content/uploads/2024/05/Photoroom_20240530_172533.jpg, https://pachaoflondon.com/wp-content/uploads/2024/05/Photoroom_20240530_172533.jpg",,,,,,,,,0,,"Black ceramic, 18k rose gold, round brilliant cut diamonds, size 52",field_586a50d32fdc2,,field_586bc3c6214bc,,field_586bc3e2214bd,,field_58752651bb382,Pre-owned,field_587526d8bb384,"1 (mint)",field_586bc400214be,Yes,field_5873b9289d99a,No,field_5873b92d9d99b,Unisex,field_586bc406214bf,"London ",field_586bc413214c0,,field_586bb3707b79a,Immediately,field_5873b849ba10d,,field_587526abbb383,,field_586bc437214c2,,field_5873d1f749c2b,,field_5873d20849c2c,,field_5873d21249c2d,,field_586bc452214c4,,field_586bc45d214c5,,field_586bc469214c6,,field_586bc477214c7,,field_586bc488214c8,,field_586bc49b214ca,,field_586b745e69a7d,,field_586bc4ad214cb,,field_586bc4b5214cc,,field_586bc4c4214cd,,field_586bc4ce214ce,,field_5873d2a341247,,field_586bc4dd214d0,,field_586bc4f2214d2,60,90,7133334226766174,,,,,,,,,,,,,,,,,,no,,,,,,,,,,,,,yes,yes,,product,,,,,,,,,,,,,,,,,,,,,,,,,,,,,,,,,,,no,7133335050099425,1,classic-editor,,,,0,,,,,,,,,,,,
7871,simple,,,Casablanca,1,0,visible,,"Franck Muller Casablanca.\n\nRef: 8885 C CC DT.\n\nDate, Chronograph.\n\nStainless steel case and  stainless steel pin buckle.\n\nBlack rubber strap.\n\nAutomatic movement.\n\nBox and one year pacha of London warranty.",,,taxable,,1,,,0,0,,,,,1,,,8750,"Watches > Franck Muller",,,"https://pachaoflondon.com/wp-content/uploads/2024/07/7FB92F4D-B3C7-4CD9-806B-B38E6F64053A.jpg, https://pachaoflondon.com/wp-content/uploads/2024/07/7FB92F4D-B3C7-4CD9-806B-B38E6F64053A.jpg, https://pachaoflondon.com/wp-content/uploads/2024/07/IMG_7260-1.heic, https://pachaoflondon.com/wp-content/uploads/2024/07/IMG_7262.heic, https://pachaoflondon.com/wp-content/uploads/2024/07/IMG_7269.heic",,,,,,,,,0,,"Stainless steel case, black dial, arabic numerals, 39mm, Automatic ",field_586a50d32fdc2,"8885 CC C DT ",field_586bc3c6214bc,,field_586bc3e2214bd,Watch,field_58752651bb382,Pre-owned,field_587526d8bb384,"1 (mint)",field_586bc400214be,Yes,field_5873b9289d99a,No,field_5873b92d9d99b,Men’s,field_586bc406214bf,"London ",field_586bc413214c0,,field_586bb3707b79a,Immediately,field_5873b849ba10d,,field_587526abbb383,Automatic,field_586bc437214c2,,field_5873d1f749c2b,,field_5873d20849c2c,,field_5873d21249c2d,Rubber,field_586bc452214c4,Black,field_586bc45d214c5,,field_586bc469214c6,Buckle,field_586bc477214c7,"Stainless steel ",field_586bc488214c8,Steel,field_586bc49b214ca,39,field_586b745e69a7d,,field_586bc4ad214cb,"Stainless steel ",field_586bc4b5214cc,,field_586bc4c4214cd,Black,field_586bc4ce214ce,"Arabic numerals",field_5873d2a341247,,field_586bc4dd214d0,,field_586bc4f2214d2,,90,8295122187164385,,,,,,,,,,,,,,,,,,no,,,,,,,,,,,,,yes,yes,,product,,,,,,,,,,,,,,,,,,,,,,,,,,,,,,,,,,,no,8295122570497680,1,classic-editor,,,,0,,,,,"Franck Muller Casablanca.Ref: 8885 C CC DT.Date, Chronograph.Stainless steel case and  stainless steel pin buckle.Black rubber strap.Knightsbridge, London.",,,,,,,
7901,simple,,,"Classic Fusion",1,0,visible,,"Hublot Classic Fusion\n\nRef: 511.CM.1770.CM\n\nBlack Ceramic bracelet and case, black carbon fiber dial\n\nOpen case back\n\n45mm case size\n\nAutomatic movement\n\nBox and one year pacha of London warranty\n\n&nbsp;",,,taxable,,1,,,0,0,,,,,1,,,8450,Hublot,,,"https://pachaoflondon.com/wp-content/uploads/2024/07/Photoroom_20250221_131006.jpg, https://pachaoflondon.com/wp-content/uploads/2024/07/Photoroom_20250221_131006.jpg, https://pachaoflondon.com/wp-content/uploads/2024/07/CFED05A6-9C5F-4427-B644-643B34A4A9E9-2.jpg, https://pachaoflondon.com/wp-content/uploads/2024/07/4CBCE4FA-097C-44D4-A68B-ED16991FABC5-2.jpg, https://pachaoflondon.com/wp-content/uploads/2024/07/57F182F4-0236-406B-AFB4-797F3CCFF597-2.jpg",,,,,,,,,0,,"Black Ceramic, automatic, 45mm,511.CM.1770.CM",field_586a50d32fdc2,511.CM.1770.CM,field_586bc3c6214bc,,field_586bc3e2214bd,Watch,field_58752651bb382,Pre-owned,field_587526d8bb384,"1 (mint)",field_586bc400214be,Yes,field_5873b9289d99a,,field_5873b92d9d99b,,field_586bc406214bf,London,field_586bc413214c0,,field_586bb3707b79a,Immediately,field_5873b849ba10d,,field_587526abbb383,Automatic,field_586bc437214c2,,field_5873d1f749c2b,,field_5873d20849c2c,,field_5873d21249c2d,Ceramic,field_586bc452214c4,Black,field_586bc45d214c5,,field_586bc469214c6,"Double-fold clasp",field_586bc477214c7,"black ceramic ",field_586bc488214c8,Ceramic,field_586bc49b214ca,45,field_586b745e69a7d,,field_586bc4ad214cb,"Black ceramic ",field_586bc4b5214cc,"Sapphire Glass",field_586bc4c4214cd,Black,field_586bc4ce214ce,"No numerals",field_5873d2a341247,,field_586bc4dd214d0,,field_586bc4f2214d2,,90,27024415813812470,,,,,,,,,,,,,,,,,,no,,,,,,,,,,,,,yes,yes,,product,,,,,,,,,,,,,,,,,,,,,,,,,,,,,,,,,,,no,27024416853812366,1,classic-editor,,,,0,,,,,,,,,,,,
7915,simple,,,bangle,1,0,visible,,"Chatila white gold bangle.\n\nRound brilliant cut diamonds.\n\n18k white gold.\n\nClasp: Open box catch.\n\nInsurance valuation certificate available.\n\n&nbsp;",,,taxable,,1,,,0,0,,,,,1,,,6750,"Jewellery Collection > Bracelets, Branded Jewellery, Branded Jewellery > Chatila",,,"https://pachaoflondon.com/wp-content/uploads/2024/07/Photoroom_20240729_150821.jpg, https://pachaoflondon.com/wp-content/uploads/2024/07/Photoroom_20240729_150821.jpg, https://pachaoflondon.com/wp-content/uploads/2024/07/Photoroom_20240729_150805.jpg",,,,,,,,,0,,"18k white gold, round brilliant cut diamonds, bangle",field_586a50d32fdc2,,field_586bc3c6214bc,,field_586bc3e2214bd,,field_58752651bb382,Pre-owned,field_587526d8bb384,"1 (mint)",field_586bc400214be,,field_5873b9289d99a,,field_5873b92d9d99b,Women’s,field_586bc406214bf,London,field_586bc413214c0,,field_586bb3707b79a,Immediately,field_5873b849ba10d,,field_587526abbb383,,field_586bc437214c2,,field_5873d1f749c2b,,field_5873d20849c2c,,field_5873d21249c2d,"White Gold",field_586bc452214c4,,field_586bc45d214c5,,field_586bc469214c6,,field_586bc477214c7,,field_586bc488214c8,"White gold",field_586bc49b214ca,,field_586b745e69a7d,,field_586bc4ad214cb,,field_586bc4b5214cc,,field_586bc4c4214cd,,field_586bc4ce214ce,,field_5873d2a341247,,field_586bc4dd214d0,,field_586bc4f2214d2,60,90,7613910588736663,,,,,,,,,,,,,,,,,,no,,,,,,,,,,,,,yes,yes,,product,,,,,,,,,,,,,,,,,,,,,,,,,,,,,,,,,,,no,7613911272069928,1,classic-editor,,,,0,,,,,,,,,,,,
7942,simple,,,Datejust,1,0,visible,,"Rolex Datejust\n\n26mm Case size\n\n18k yellow gold\n\nBark effect bracelet\n\n1970's Era\n\nBox and one year Pacha of London warranty.",,,taxable,,1,,,0,0,,,,,1,,,7750,Rolex,,,"https://pachaoflondon.com/wp-content/uploads/2024/08/CA81C64A-74C6-472D-948E-7E2ECE20C752.jpeg, https://pachaoflondon.com/wp-content/uploads/2024/08/CA81C64A-74C6-472D-948E-7E2ECE20C752.jpeg",,,,,,,,,0,,"Bark effect, 18k yellow gold, 26mm, 1970 Era, president bracelet ",field_586a50d32fdc2,69278,field_586bc3c6214bc,,field_586bc3e2214bd,Watch,field_58752651bb382,Pre-owned,field_587526d8bb384,"2 (fine)",field_586bc400214be,Yes,field_5873b9289d99a,No,field_5873b92d9d99b,Women’s,field_586bc406214bf,London,field_586bc413214c0,1970,field_586bb3707b79a,Immediately,field_5873b849ba10d,,field_587526abbb383,Automatic,field_586bc437214c2,,field_5873d1f749c2b,,field_5873d20849c2c,,field_5873d21249c2d,"Yellow Gold",field_586bc452214c4,Yellow,field_586bc45d214c5,,field_586bc469214c6,"Fold clasp",field_586bc477214c7,"yellow gold",field_586bc488214c8,"Yellow gold",field_586bc49b214ca,26,field_586b745e69a7d,,field_586bc4ad214cb,"yellow gold ",field_586bc4b5214cc,Plexiglas,field_586bc4c4214cd,Silver,field_586bc4ce214ce,"No numerals",field_5873d2a341247,,field_586bc4dd214d0,,field_586bc4f2214d2,,90,8237365329636551,,,,,,,,,,,,,,,,,,no,,,,,,,,,,,,,yes,yes,,product,,,,,,,,,,,,,,,,,,,,,,,,,,,,,,,,,,,no,8237365766303174,1,classic-editor,,,,0,,,,,,,,,,,,
7963,simple,,,"Cocktail watch",1,0,visible,,"Cocktail watch set with round brilliant cut diamonds\n\n18k white gold\n\n4ct total diamond weight\n\nJewellery clasp\n\nAvailable at our showroom.\n\nKnightsbridge, London",,,taxable,,1,,,0,0,,,,,1,,,5950,"Watches > Ars",,,"https://pachaoflondon.com/wp-content/uploads/2024/08/Photoroom_20250226_151500.jpg, https://pachaoflondon.com/wp-content/uploads/2024/08/Photoroom_20250226_151500.jpg, https://pachaoflondon.com/wp-content/uploads/2024/08/Photoroom_20250226_151420.jpg, https://pachaoflondon.com/wp-content/uploads/2024/08/C0E4E425-C7B8-47EA-B833-DD912E802EA9.jpg, https://pachaoflondon.com/wp-content/uploads/2024/08/A6D49C7D-3DC7-4F4C-A438-929F391EC6D4.jpg, https://pachaoflondon.com/wp-content/uploads/2024/08/6FF8AC1A-36EC-4147-BDDB-3AB8548A513C.jpg",,,,,,,,,0,,"18k white gold, diamonds, cocktail watch, round brilliant cut, 4ct diamonds ",field_586a50d32fdc2,Ars,field_586bc3c6214bc,,field_586bc3e2214bd,Watch,field_58752651bb382,Pre-owned,field_587526d8bb384,"2 (fine)",field_586bc400214be,No,field_5873b9289d99a,No,field_5873b92d9d99b,Women’s,field_586bc406214bf,London,field_586bc413214c0,,field_586bb3707b79a,Immediately,field_5873b849ba10d,,field_587526abbb383,"Manual winding",field_586bc437214c2,,field_5873d1f749c2b,,field_5873d20849c2c,,field_5873d21249c2d,"White Gold",field_586bc452214c4,White,field_586bc45d214c5,,field_586bc469214c6,"Jewelry clasp",field_586bc477214c7,"18k white gold ",field_586bc488214c8,"White gold",field_586bc49b214ca,,field_586b745e69a7d,,field_586bc4ad214cb,"diamonds ",field_586bc4b5214cc,,field_586bc4c4214cd,,field_586bc4ce214ce,"No numerals",field_5873d2a341247,,field_586bc4dd214d0,,field_586bc4f2214d2,,90,7923123354403308,,,,,,,,,,,,,,,,,,no,,,,,,,,,,,,,yes,yes,,product,,,,,,,,,,,,,,,,,,,,,,,,,,,,,,,,,,,no,7923123587736618,1,classic-editor,,,,0,,,,,"Cocktail watch set with round brilliant cut diamonds, 18k white gold, 4.00ct total diamond weight, Jewellery clasp, Knightsbridge, London.",,,,,,,
7974,simple,,,"Force 10",1,0,visible,,"Fred Force 10 bracelet\n\nSmall model\n\nWrist size 15- 16cm\n\n18k white gold rope design bracelet\n\nRound brilliant cut diamond buckle\n\n&nbsp;",,,taxable,,1,,,0,0,,,,,1,,,2540,"Watches > Fred",,,"https://pachaoflondon.com/wp-content/uploads/2024/08/Photoroom_20240812_142826.jpg, https://pachaoflondon.com/wp-content/uploads/2024/08/Photoroom_20240812_142826.jpg",,,,,,,,,0,,"18 white gold, diamonds, round brilliant cut, small model ",field_586a50d32fdc2,"Fred force",field_586bc3c6214bc,,field_586bc3e2214bd,,field_58752651bb382,Pre-owned,field_587526d8bb384,"1 (mint)",field_586bc400214be,No,field_5873b9289d99a,No,field_5873b92d9d99b,Women’s,field_586bc406214bf,"London ",field_586bc413214c0,,field_586bb3707b79a,Immediately,field_5873b849ba10d,,field_587526abbb383,,field_586bc437214c2,,field_5873d1f749c2b,,field_5873d20849c2c,,field_5873d21249c2d,"White Gold",field_586bc452214c4,,field_586bc45d214c5,,field_586bc469214c6,,field_586bc477214c7,,field_586bc488214c8,,field_586bc49b214ca,,field_586b745e69a7d,,field_586bc4ad214cb,,field_586bc4b5214cc,,field_586bc4c4214cd,,field_586bc4ce214ce,,field_5873d2a341247,,field_586bc4dd214d0,,field_586bc4f2214d2,,,26361305346848789,,,,,,,,,,,,,,,,,,no,,,,,,,,,,,,,yes,yes,,product,,,,,,,,,,,,,,,,,,,,,,,,,,,,,,,,,,,no,26361306066848717,,classic-editor,,,,,,,,,,,,,,,,
7981,simple,,,"Happy diamonds",1,0,visible,,"Chopard happy diamonds\n\nRef: 4100\n\nQuartz movement\n\n18k yellow gold mesh bracelet\n\n22mm case size\n\nBox and warranty available\n\n&nbsp;",,,taxable,,1,,,0,0,,,,,1,,,6950,"Watches > Chopard",,,"https://pachaoflondon.com/wp-content/uploads/2024/08/Photoroom_20250224_163933.jpg, https://pachaoflondon.com/wp-content/uploads/2024/08/Photoroom_20250224_163933.jpg, https://pachaoflondon.com/wp-content/uploads/2024/08/F9BE24BC-6093-4055-94B7-C5FF8BF874F6.jpg, https://pachaoflondon.com/wp-content/uploads/2024/08/2521112F-1978-47D8-A02D-1790E46B447E.jpg",,,,,,,,,0,,"18k yellow, diamonds, floating diamonds, quartz ",field_586a50d32fdc2,4100,field_586bc3c6214bc,,field_586bc3e2214bd,Watch,field_58752651bb382,Pre-owned,field_587526d8bb384,"1 (mint)",field_586bc400214be,Yes,field_5873b9289d99a,No,field_5873b92d9d99b,Women’s,field_586bc406214bf,"London ",field_586bc413214c0,,field_586bb3707b79a,Immediately,field_5873b849ba10d,,field_587526abbb383,Quartz,field_586bc437214c2,,field_5873d1f749c2b,,field_5873d20849c2c,,field_5873d21249c2d,"Yellow Gold",field_586bc452214c4,Yellow,field_586bc45d214c5,,field_586bc469214c6,"Jewelry clasp",field_586bc477214c7,"yellow gold",field_586bc488214c8,"Yellow gold",field_586bc49b214ca,22,field_586b745e69a7d,,field_586bc4ad214cb,"yellow gold ",field_586bc4b5214cc,Glass,field_586bc4c4214cd,,field_586bc4ce214ce,,field_5873d2a341247,,field_586bc4dd214d0,,field_586bc4f2214d2,,90,9203225143065855,,,,,,,,,,,,,,,,,,no,,,,,,,,,,,,,yes,yes,,product,,,,,,,,,,,,,,,,,,,,,,,,,,,,,,,,,,,no,7988678234520558,1,classic-editor,,,,0,,,,,,,,,,,,
7987,simple,,,"Versatile cocktail timepiece",1,0,visible,,"Unique diamond cocktail timepiece\n\nRound brilliant cut diamonds set all over case and bracelet\n\nVersatile, can be worn as a jewellery piece, features a diamond incrusted cap covering the dial\n\nManual wind movement\n\nCream baton dial\n\n&nbsp;",,,taxable,,1,,,0,0,,,,,1,,,6750,"Watches > Assorted",,,"https://pachaoflondon.com/wp-content/uploads/2024/08/Photoroom_20250226_151035.jpg, https://pachaoflondon.com/wp-content/uploads/2024/08/Photoroom_20250226_151035.jpg, https://pachaoflondon.com/wp-content/uploads/2024/08/Photoroom_20250226_151301.jpg, https://pachaoflondon.com/wp-content/uploads/2024/08/Photoroom_20250226_150958.jpg",,,,,,,,,0,,"diamonds, 18k yellow gold, cream baton dial, versatile, jewellery ",field_586a50d32fdc2,,field_586bc3c6214bc,,field_586bc3e2214bd,Watch,field_58752651bb382,Pre-owned,field_587526d8bb384,"2 (fine)",field_586bc400214be,No,field_5873b9289d99a,No,field_5873b92d9d99b,Women’s,field_586bc406214bf,London,field_586bc413214c0,,field_586bb3707b79a,Immediately,field_5873b849ba10d,,field_587526abbb383,"Manual winding",field_586bc437214c2,,field_5873d1f749c2b,,field_5873d20849c2c,,field_5873d21249c2d,"Yellow Gold",field_586bc452214c4,Yellow,field_586bc45d214c5,,field_586bc469214c6,"Jewelry clasp",field_586bc477214c7,"yellow gold ",field_586bc488214c8,"Yellow gold",field_586bc49b214ca,15,field_586b745e69a7d,,field_586bc4ad214cb,"diamonds ",field_586bc4b5214cc,,field_586bc4c4214cd,,field_586bc4ce214ce,,field_5873d2a341247,,field_586bc4dd214d0,,field_586bc4f2214d2,,90,7957928470994651,,,,,,,,,,,,,,,,,,no,,,,,,,,,,,,,yes,yes,,product,,,,,,,,,,,,,,,,,,,,,,,,,,,,,,,,,,,no,7957928834327948,1,classic-editor,,,,0,,,,,"Unique diamond cocktail timepiece. Round brilliant cut diamonds. Versatile, can be worn as a jewellery piece, features a diamond incrusted cap covering the dial.Manual wind movement.",,,,,,,
8026,simple,,,Submariner,1,0,visible,,"Rolex submariner\n\nStainless steel, green ceramic bezel and black dial\n\n41mm case size\n\n2024 model\n\nComplete box and papers, 5 year Rolex warranty\n\nAvailable immediately",,,taxable,,1,,,0,0,,,,,1,,,13500,Rolex,,,"https://pachaoflondon.com/wp-content/uploads/2024/10/Photoroom_20250115_114944.jpg, https://pachaoflondon.com/wp-content/uploads/2024/10/Photoroom_20250115_114944.jpg, https://pachaoflondon.com/wp-content/uploads/2024/10/IMG_9857.heic, https://pachaoflondon.com/wp-content/uploads/2024/10/IMG_9859.heic, https://pachaoflondon.com/wp-content/uploads/2024/10/IMG_9860.heic, https://pachaoflondon.com/wp-content/uploads/2024/10/IMG_9858.heic",,,,,,,,,0,,"41mm, black dial, green ceramic bezel, stainless steel, 2024 ",field_586a50d32fdc2,"126610LV ",field_586bc3c6214bc,,field_586bc3e2214bd,Watch,field_58752651bb382,New,field_587526d8bb384,"0 (new/unworn)",field_586bc400214be,Yes,field_5873b9289d99a,Yes,field_5873b92d9d99b,Men’s,field_586bc406214bf,"London ",field_586bc413214c0,2024,field_586bb3707b79a,Immediately,field_5873b849ba10d,,field_587526abbb383,Automatic,field_586bc437214c2,,field_5873d1f749c2b,,field_5873d20849c2c,,field_5873d21249c2d,Steel,field_586bc452214c4,Steel,field_586bc45d214c5,,field_586bc469214c6,"Double-fold clasp",field_586bc477214c7,"stainless steel ",field_586bc488214c8,Steel,field_586bc49b214ca,41,field_586b745e69a7d,,field_586bc4ad214cb,"ceramic ",field_586bc4b5214cc,"Sapphire Glass",field_586bc4c4214cd,Black,field_586bc4ce214ce,,field_5873d2a341247,,field_586bc4dd214d0,,field_586bc4f2214d2,,90,9488183937864197,,,,,,,,,,,,,,,,,,no,,,,,,,,,,,,,yes,yes,,product,,,,,,,,,,,,,,,,,,,,,,,,,,,,,,,,,,,no,9488184851197439,1,classic-editor,,,,,,,,,,,,,,,,
8054,simple,,,Polo,1,0,visible,,"Piaget Polo\n\n18k rose gold with diamond bezel and diamond markers\n\n36mm case size, automatic movement\n\nNew, complete box and papers dated 2023\n\nRRP £46500\n\nAvailable in stock",,,taxable,,1,,,0,0,,,,,1,,,36000,"Watches > Piaget",,,"https://pachaoflondon.com/wp-content/uploads/2024/10/Photoroom_20250728_145727.jpg, https://pachaoflondon.com/wp-content/uploads/2024/10/Photoroom_20250728_145727.jpg, https://pachaoflondon.com/wp-content/uploads/2024/10/IMG_9919.heic, https://pachaoflondon.com/wp-content/uploads/2024/10/IMG_9920.heic, https://pachaoflondon.com/wp-content/uploads/2024/10/IMG_9915.heic",,,,,,,,,0,,"Polo, 18k rose gold, diamonds, automatic, 36mm",field_586a50d32fdc2,GOA46020,field_586bc3c6214bc,,field_586bc3e2214bd,Watch,field_58752651bb382,New,field_587526d8bb384,"0 (new/unworn)",field_586bc400214be,Yes,field_5873b9289d99a,Yes,field_5873b92d9d99b,Unisex,field_586bc406214bf,London,field_586bc413214c0,2023,field_586bb3707b79a,Immediately,field_5873b849ba10d,,field_587526abbb383,Automatic,field_586bc437214c2,,field_5873d1f749c2b,,field_5873d20849c2c,,field_5873d21249c2d,"Pink Gold",field_586bc452214c4,Pink,field_586bc45d214c5,,field_586bc469214c6,"Double-fold clasp",field_586bc477214c7,"18k rose gold ",field_586bc488214c8,"Pink gold",field_586bc49b214ca,36,field_586b745e69a7d,,field_586bc4ad214cb,"diamonds ",field_586bc4b5214cc,,field_586bc4c4214cd,White,field_586bc4ce214ce,"No numerals",field_5873d2a341247,,field_586bc4dd214d0,,field_586bc4f2214d2,68,90,9073408316007159,,,,,,,,,,,,,,,,,,,,,,,,,,,,,,,yes,yes,,product,,,,,,,,,,,,,,,,,,,,,,,,,,,,,,,,,,,no,9073409006007090,1,,,,,0,,,,,,,,,,,,
8060,simple,,,"Royal Oak",1,0,visible,,"Audemars Piguet, Royal Oak\n\n41mm case size, chronograph, stainless steel\n\nGreen dial\n\n<strong>New</strong>-Complete box and papers dated 2024\n\nAudemars Piguet warranty available\n\nAvailable in stock",,,taxable,,1,,,0,0,,,,,1,,,48000,"Audemars Piguet",,,"https://pachaoflondon.com/wp-content/uploads/2024/10/Photoroom_20250127_121255.jpg, https://pachaoflondon.com/wp-content/uploads/2024/10/Photoroom_20250127_121255.jpg, https://pachaoflondon.com/wp-content/uploads/2024/10/IMG_9889.heic, https://pachaoflondon.com/wp-content/uploads/2024/10/IMG_9890.heic, https://pachaoflondon.com/wp-content/uploads/2024/10/IMG_9891.heic, https://pachaoflondon.com/wp-content/uploads/2024/10/IMG_9887.heic",,,,,,,,,0,,"41mm, Stainless steel, Green dial, chronograph, automatic ",field_586a50d32fdc2,26240ST.OO.1320ST.04,field_586bc3c6214bc,,field_586bc3e2214bd,Watch,field_58752651bb382,New,field_587526d8bb384,"0 (new/unworn)",field_586bc400214be,Yes,field_5873b9289d99a,Yes,field_5873b92d9d99b,Men’s,field_586bc406214bf,London,field_586bc413214c0,"2024 ",field_586bb3707b79a,Immediately,field_5873b849ba10d,,field_587526abbb383,Automatic,field_586bc437214c2,,field_5873d1f749c2b,,field_5873d20849c2c,,field_5873d21249c2d,Steel,field_586bc452214c4,Steel,field_586bc45d214c5,,field_586bc469214c6,"Double-fold clasp",field_586bc477214c7,"Stainless steel ",field_586bc488214c8,Steel,field_586bc49b214ca,41,field_586b745e69a7d,,field_586bc4ad214cb,"Stainless steel ",field_586bc4b5214cc,"Sapphire Glass",field_586bc4c4214cd,Green,field_586bc4ce214ce,"No numerals",field_5873d2a341247,,field_586bc4dd214d0,,field_586bc4f2214d2,9,90,8183234665107675,,,,,,,,,,,,,,,,,,,,,,,,,,,,,,,yes,yes,,product,,,,,,,,,,,,,,,,,,,,,,,,,,,,,,,,,,,no,8183235325107609,1,,,,,0,,,,,"Audemars Piguet, Royal Oak, Khaki dial, New-2024. Available in stock.",,,,,,,
8096,simple,,,Rettangolo,1,0,visible,,"Bulgari Rettangolo\n\nStainless steel on leather\n\nAutomatic wrist movement\n\nBox and pacha of London warranty\n\nAvailable in stock\n\n&nbsp;",,,taxable,,1,,,0,0,,,,,1,,,1000,"Watches > Bvlgari",,,"https://pachaoflondon.com/wp-content/uploads/2024/10/Photoroom_20241221_174929.jpg, https://pachaoflondon.com/wp-content/uploads/2024/10/Photoroom_20241221_174929.jpg, https://pachaoflondon.com/wp-content/uploads/2024/10/IMG_0157.heic, https://pachaoflondon.com/wp-content/uploads/2024/10/IMG_0158.heic, https://pachaoflondon.com/wp-content/uploads/2024/10/IMG_0159.heic, https://pachaoflondon.com/wp-content/uploads/2024/10/IMG_0156.heic",,,,,,,,,0,,"Stainless steel, automatic movement, 45mm, leather strap ",field_586a50d32fdc2,RT45S,field_586bc3c6214bc,,field_586bc3e2214bd,Watch,field_58752651bb382,Pre-owned,field_587526d8bb384,"2 (fine)",field_586bc400214be,Yes,field_5873b9289d99a,No,field_5873b92d9d99b,Unisex,field_586bc406214bf,London,field_586bc413214c0,,field_586bb3707b79a,Immediately,field_5873b849ba10d,,field_587526abbb383,Automatic,field_586bc437214c2,,field_5873d1f749c2b,,field_5873d20849c2c,,field_5873d21249c2d,Leather,field_586bc452214c4,Black,field_586bc45d214c5,,field_586bc469214c6,Buckle,field_586bc477214c7,"Stainless steel ",field_586bc488214c8,Steel,field_586bc49b214ca,45,field_586b745e69a7d,,field_586bc4ad214cb,"stainless steel ",field_586bc4b5214cc,,field_586bc4c4214cd,White,field_586bc4ce214ce,"No numerals",field_5873d2a341247,,field_586bc4dd214d0,,field_586bc4f2214d2,26,90,8462823970419887,,,,,,,,,,,,,,,,,,,,,,,,,,,,,,,yes,yes,,product,,,,,,,,,,,,,,,,,,,,,,,,,,,,,,,,,,,no,8462824287086522,1,,,,,,,,,,,,,,,,,
8103,simple,,,"Perpetual Calendar",1,0,visible,,"Iwc Calendar perpetual\n\n7 Day power reserve\n\nRef:IW503202\n\nFeatures: Day-date, month, year, moon phase and power reserve indicators\n\n18k rose gold case and clasp, brown leather strap\n\nBox and papers dated 2004\n\n&nbsp;",,,taxable,,1,,,0,0,,,,,1,,,24850,Iwc,,,"https://pachaoflondon.com/wp-content/uploads/2024/10/IMG_0138.heic, https://pachaoflondon.com/wp-content/uploads/2024/10/IMG_0139.heic, https://pachaoflondon.com/wp-content/uploads/2024/10/IMG_0140.heic, https://pachaoflondon.com/wp-content/uploads/2024/10/IMG_0137.heic",,,,,,,,,0,,"7 day power reserve, 18k rose gold, leather strap, black dial ",field_586a50d32fdc2,"IW503202 ",field_586bc3c6214bc,,field_586bc3e2214bd,Watch,field_58752651bb382,Pre-owned,field_587526d8bb384,"1 (mint)",field_586bc400214be,Yes,field_5873b9289d99a,No,field_5873b92d9d99b,Men’s,field_586bc406214bf,London,field_586bc413214c0,2004,field_586bb3707b79a,Immediately,field_5873b849ba10d,,field_587526abbb383,Automatic,field_586bc437214c2,,field_5873d1f749c2b,,field_5873d20849c2c,,field_5873d21249c2d,Leather,field_586bc452214c4,Brown,field_586bc45d214c5,,field_586bc469214c6,"Fold clasp",field_586bc477214c7,"18k rose gold ",field_586bc488214c8,"Pink gold",field_586bc49b214ca,44.2,field_586b745e69a7d,,field_586bc4ad214cb,"18k rose gold ",field_586bc4b5214cc,"Sapphire Glass",field_586bc4c4214cd,Black,field_586bc4ce214ce,"No numerals",field_5873d2a341247,,field_586bc4dd214d0,,field_586bc4f2214d2,17,90,8383371845033967,,,,,,,,,,,,,,,,,,,,,,,,,,,,,,,yes,yes,,product,,,,,,,,,,,,,,,,,,,,,,,,,,,,,,,,,,,no,8383372218367263,1,,,,,0,,,,,,,,,,,,
8110,simple,,,"Big pilot",1,0,visible,,"Iwc Big Pilot\n\n7 day power reserve\n\nStainless steel on leather\n\nBlack dial\n\nBox and pacha of London warranty",,,taxable,,1,,,0,0,,,,,1,,,8500,Iwc,,,"https://pachaoflondon.com/wp-content/uploads/2024/10/Photoroom_20251027_145443.jpg, https://pachaoflondon.com/wp-content/uploads/2024/10/Photoroom_20251027_145443.jpg, https://pachaoflondon.com/wp-content/uploads/2024/10/IMG_0112.heic, https://pachaoflondon.com/wp-content/uploads/2024/10/IMG_0113.heic, https://pachaoflondon.com/wp-content/uploads/2024/10/IMG_0115.heic, https://pachaoflondon.com/wp-content/uploads/2024/10/IMG_0111.heic",,,,,,,,,0,,"7 day reserve, stainless steel, black leather strap, 46mm",field_586a50d32fdc2,IW501001,field_586bc3c6214bc,,field_586bc3e2214bd,Watch,field_58752651bb382,Pre-owned,field_587526d8bb384,"1 (mint)",field_586bc400214be,Yes,field_5873b9289d99a,No,field_5873b92d9d99b,Men’s,field_586bc406214bf,London,field_586bc413214c0,,field_586bb3707b79a,Immediately,field_5873b849ba10d,,field_587526abbb383,Automatic,field_586bc437214c2,,field_5873d1f749c2b,,field_5873d20849c2c,,field_5873d21249c2d,Leather,field_586bc452214c4,Black,field_586bc45d214c5,,field_586bc469214c6,"Fold clasp",field_586bc477214c7,"Stainless steel ",field_586bc488214c8,Steel,field_586bc49b214ca,46,field_586b745e69a7d,,field_586bc4ad214cb,"stainless steel ",field_586bc4b5214cc,"Sapphire Glass",field_586bc4c4214cd,Black,field_586bc4ce214ce,"Arabic numerals",field_5873d2a341247,,field_586bc4dd214d0,,field_586bc4f2214d2,17,90,8259294967532492,,,,,,,,,,,,,,,,,,,,,,,,,,,,,,,yes,yes,,product,,,,,,,,,,,,,,,,,,,,,,,,,,,,,,,,,,,no,8259295194199136,1,,,,,0,,,,,"7 day power reserve-Stainless steel on leather-Black dial. Box and warranty. In stock today. Knightsbridge, London.",,,,,,,
8167,simple,,,"Royal Oak",1,0,visible,,"Exclusive Audemars Piguet , Royal oak\n\nRef:26603OR.OO.D092CR.01\n\nEquation du temps  'Riyadh' limited edition\n\n18k rose gold case and fold over clasp, 41mm case size\n\nFeatures;\n<ul>\n 	<li class=""field__item"">DATE</li>\n 	<li class=""field__item"">DAY/NIGHT INDICATOR</li>\n 	<li class=""field__item"">EQUATION OF TIME</li>\n 	<li class=""field__item"">HOURS</li>\n 	<li class=""field__item"">MINUTES</li>\n 	<li class=""field__item"">MONTH</li>\n 	<li class=""field__item"">MOONPHASE</li>\n 	<li class=""field__item"">SECONDS</li>\n</ul>\nExcellent condition\n\nBox and warranty\n\nAvailable exclusively at our Knightsbridge, London showroom.",,,taxable,,1,,,0,0,,,,,1,,,79500,"Audemars Piguet",,,"https://pachaoflondon.com/wp-content/uploads/2024/12/Photoroom_20250321_162653.jpg, https://pachaoflondon.com/wp-content/uploads/2024/12/Photoroom_20250321_162653.jpg",,,,,,,,,0,,"Equation du temps 'Riyadh' edition, 18k rose gold, 41mm, sunset and sunrise indication ",field_586a50d32fdc2,26603OR.OO.D092CR.01,field_586bc3c6214bc,,field_586bc3e2214bd,Watch,field_58752651bb382,Pre-owned,field_587526d8bb384,"1 (mint)",field_586bc400214be,Yes,field_5873b9289d99a,No,field_5873b92d9d99b,Men’s,field_586bc406214bf,"Knightsbridge, London ",field_586bc413214c0,,field_586bb3707b79a,Immediately,field_5873b849ba10d,,field_587526abbb383,Automatic,field_586bc437214c2,,field_5873d1f749c2b,,field_5873d20849c2c,,field_5873d21249c2d,Leather,field_586bc452214c4,Brown,field_586bc45d214c5,,field_586bc469214c6,"Fold clasp",field_586bc477214c7,"rose gold ",field_586bc488214c8,"Pink gold",field_586bc49b214ca,41,field_586b745e69a7d,,field_586bc4ad214cb,"rose gold ",field_586bc4b5214cc,"Sapphire Glass",field_586bc4c4214cd,Beige,field_586bc4ce214ce,"No numerals",field_5873d2a341247,,field_586bc4dd214d0,,field_586bc4f2214d2,9,90,24479807858288652,,,,,,,,,,,,,,,,,,,,,,,,,,,,,,,yes,yes,,product,,,,,,,,,,,,,,,,,,,,,,,,,,,,,,,,,,,no,,1,,,,,0,,,,,,,,,,,,
8184,simple,,,"GMT-master II",1,0,visible,,"Rolex Gmt-master II\n\nRef: 16710\n\nAluminium red and black insert\n\nStainless steel with an oyster bracelet\n\n1991 model\n\nBox and one year Pacha Of London warranty\n\nAvailable at London, Knightsbridge showroom",,,taxable,,1,,,0,0,,,,,1,,,10850,Rolex,of,,"https://pachaoflondon.com/wp-content/uploads/2024/12/Photoroom_20250623_170207.jpg, https://pachaoflondon.com/wp-content/uploads/2024/12/Photoroom_20250623_170207.jpg",,,,,,,,,0,,"stainless steel, 40mm, black and red insert, 1991 model ",field_586a50d32fdc2,16710,field_586bc3c6214bc,,field_586bc3e2214bd,Watch,field_58752651bb382,Pre-owned,field_587526d8bb384,"1 (mint)",field_586bc400214be,Yes,field_5873b9289d99a,No,field_5873b92d9d99b,Men’s,field_586bc406214bf,"London ",field_586bc413214c0,1991,field_586bb3707b79a,Immediately,field_5873b849ba10d,,field_587526abbb383,Automatic,field_586bc437214c2,,field_5873d1f749c2b,,field_5873d20849c2c,,field_5873d21249c2d,Steel,field_586bc452214c4,Steel,field_586bc45d214c5,,field_586bc469214c6,"Fold clasp",field_586bc477214c7,"stainless steel ",field_586bc488214c8,Steel,field_586bc49b214ca,40,field_586b745e69a7d,,field_586bc4ad214cb,"aliminium ",field_586bc4b5214cc,,field_586bc4c4214cd,Black,field_586bc4ce214ce,"No numerals",field_5873d2a341247,,field_586bc4dd214d0,,field_586bc4f2214d2,8,90,8973043959420716,,,,,,,,,,,,,,,,,,,,,,,,,,,,,,,yes,yes,,product,,,,,,,,,,,,,,,,,,,,,,,,,,,,,,,,,,,no,8973044192754026,1,,,,,0,,,,,,,,,,,,
8190,simple,,,"Black bay, Harrods edition",1,0,visible,,"Tudor\n\nBlack bay exclusive Harrods edition.\n\nRef: 7923OG\n\nStainless steel, 41mm case size.\n\nComplete box and papers 2024\n\nAvailable at Knightsbridge London boutique.",,,taxable,,1,,,0,0,,,,,1,,,3950,"Watches > Assorted > Tudor",,,"https://pachaoflondon.com/wp-content/uploads/2024/12/Photoroom_20241213_141748.jpg, https://pachaoflondon.com/wp-content/uploads/2024/12/Photoroom_20241213_141748.jpg",,,,,,,,,0,,"Exclusive harrods edition, 41mm, new 2024 model",field_586a50d32fdc2,7923OG,field_586bc3c6214bc,,field_586bc3e2214bd,,field_58752651bb382,New,field_587526d8bb384,"0 (new/unworn)",field_586bc400214be,Yes,field_5873b9289d99a,Yes,field_5873b92d9d99b,Men’s,field_586bc406214bf,London,field_586bc413214c0,2024,field_586bb3707b79a,Immediately,field_5873b849ba10d,,field_587526abbb383,Automatic,field_586bc437214c2,,field_5873d1f749c2b,,field_5873d20849c2c,,field_5873d21249c2d,Steel,field_586bc452214c4,Steel,field_586bc45d214c5,,field_586bc469214c6,"Fold clasp",field_586bc477214c7,"stainless steel ",field_586bc488214c8,Steel,field_586bc49b214ca,41,field_586b745e69a7d,,field_586bc4ad214cb,"stainless steel ",field_586bc4b5214cc,"Sapphire Glass",field_586bc4c4214cd,Black,field_586bc4ce214ce,"No numerals",field_5873d2a341247,,field_586bc4dd214d0,,field_586bc4f2214d2,43,90,9502171813229823,,,,,,,,,,,,,,,,,,,,,,,,,,,,,,,yes,yes,,product,,,,,,,,,,,,,,,,,,,,,,,,,,,,,,,,,,,no,8854733451306999,1,,,,,0,,,,,,,,,,,,
8261,simple,,,Limelight,1,0,visible,,"Piaget -Limelight\n\nRef: G0A29082\n\nRRP: £72,500\n\n18k white gold case set with round brilliant cut diamonds, 7.60ct total diamond weight.\n\nComplete box and papers.",,,taxable,,1,,,0,0,,,,,1,,,23000,"Watches > Piaget",,,"https://pachaoflondon.com/wp-content/uploads/2024/12/A175512B-A827-454C-94CE-F5F7120E8F55.jpg, https://pachaoflondon.com/wp-content/uploads/2024/12/A175512B-A827-454C-94CE-F5F7120E8F55.jpg",,,,,,,,,0,,"18k white gold, 7.60ct diamonds, 40mm, black leather strap, white gold fold clasp",field_586a50d32fdc2,G0A29082,field_586bc3c6214bc,,field_586bc3e2214bd,Watch,field_58752651bb382,Pre-owned,field_587526d8bb384,"1 (mint)",field_586bc400214be,Yes,field_5873b9289d99a,Yes,field_5873b92d9d99b,Unisex,field_586bc406214bf,London,field_586bc413214c0,,field_586bb3707b79a,Immediately,field_5873b849ba10d,,field_587526abbb383,Automatic,field_586bc437214c2,,field_5873d1f749c2b,,field_5873d20849c2c,,field_5873d21249c2d,Leather,field_586bc452214c4,Black,field_586bc45d214c5,,field_586bc469214c6,"Fold clasp",field_586bc477214c7,"White gold and diamonds ",field_586bc488214c8,"White gold",field_586bc49b214ca,40,field_586b745e69a7d,,field_586bc4ad214cb,"diamonds ",field_586bc4b5214cc,"Sapphire Glass",field_586bc4c4214cd,,field_586bc4ce214ce,"Arabic numerals",field_5873d2a341247,,field_586bc4dd214d0,,field_586bc4f2214d2,68,90,9120233168033630,,,,,,,,,,,,,,,,,,,,,,,,,,,,,,,yes,yes,,product,,,,,,,,,,,,,,,,,,,,,,,,,,,,,,,,,,,no,9120233448033602,1,,,,,,,,,,,,,,,,,
8385,simple,,,"Submariner Date",1,0,visible,,"Rolex submariner date\n\nRef: 116610ln\n\nStainless steel featuring a ceramic bezel\n\n40mm case size\n\nBox and pacha of London warranty\n\n&nbsp;",,,taxable,,1,,,0,0,,,,,1,,,9850,Rolex,,,"https://pachaoflondon.com/wp-content/uploads/2025/01/D655545D-30EC-4AFD-8D5C-92F8AA9ADC9F.jpeg, https://pachaoflondon.com/wp-content/uploads/2025/01/D655545D-30EC-4AFD-8D5C-92F8AA9ADC9F.jpeg",,,,,,,,,0,,"Stainless steel, 40mm, automatic, date, ceramic bezel ",field_586a50d32fdc2,11660LN,field_586bc3c6214bc,,field_586bc3e2214bd,Watch,field_58752651bb382,Pre-owned,field_587526d8bb384,"1 (mint)",field_586bc400214be,Yes,field_5873b9289d99a,No,field_5873b92d9d99b,Men’s,field_586bc406214bf,London,field_586bc413214c0,2016,field_586bb3707b79a,Immediately,field_5873b849ba10d,,field_587526abbb383,Automatic,field_586bc437214c2,,field_5873d1f749c2b,,field_5873d20849c2c,,field_5873d21249c2d,Steel,field_586bc452214c4,Steel,field_586bc45d214c5,,field_586bc469214c6,"Double-fold clasp",field_586bc477214c7,"stainless steel ",field_586bc488214c8,Steel,field_586bc49b214ca,40,field_586b745e69a7d,,field_586bc4ad214cb,"ceramic ",field_586bc4b5214cc,"Sapphire Glass",field_586bc4c4214cd,Black,field_586bc4ce214ce,"No numerals",field_5873d2a341247,,field_586bc4dd214d0,,field_586bc4f2214d2,8,90,8956306111155493,,,,,,,,,,,,,,,,,,,,,,,,,,,,,,,yes,yes,,product,,,,,,,,,,,,,,,,,,,,,,,,,,,,,,,,,,,,8956306391155465,1,,,,,0,,,,,"Rolex submariner-date-stainless steel-40mm-ref: 116610LN, ceramic bezel",,,,,,,
8481,simple,,,Love,1,0,visible,,"Cartier love bangle.\n\nRrp: £7550.\n\nClassic collection.\n\n18k white gold.\n\nSize 16.\n\nRef: B6067617.",,,taxable,,1,,,0,0,,,,,1,,,5250,"Jewellery Collection > Bracelets, Branded Jewellery, Branded Jewellery > Cartier, Jewellery Collection",,,"https://pachaoflondon.com/wp-content/uploads/2025/02/Photoroom_20250214_142430.jpg, https://pachaoflondon.com/wp-content/uploads/2025/02/Photoroom_20250214_142430.jpg",,,,,,,,,0,,"Love bangle, 18k white gold, size 16, classic collection",field_586a50d32fdc2,B6067617,field_586bc3c6214bc,,field_586bc3e2214bd,,field_58752651bb382,Pre-owned,field_587526d8bb384,"1 (mint)",field_586bc400214be,Yes,field_5873b9289d99a,No,field_5873b92d9d99b,Unisex,field_586bc406214bf,"Knightsbridge, London",field_586bc413214c0,,field_586bb3707b79a,Immediately,field_5873b849ba10d,,field_587526abbb383,,field_586bc437214c2,,field_5873d1f749c2b,,field_5873d20849c2c,,field_5873d21249c2d,,field_586bc452214c4,,field_586bc45d214c5,,field_586bc469214c6,,field_586bc477214c7,,field_586bc488214c8,,field_586bc49b214ca,,field_586b745e69a7d,,field_586bc4ad214cb,,field_586bc4b5214cc,,field_586bc4c4214cd,,field_586bc4ce214ce,,field_5873d2a341247,,field_586bc4dd214d0,,field_586bc4f2214d2,60,90,28400109192937654,,,,,,,,,,,,,,,,,,,,,,,,,,,,,,,yes,yes,,product,,,,,,,,,,,,,,,,,,,,,,,,,,,,,,,,,,,,28400109692937604,1,,,,,0,,,,,,,,,,,,
8484,simple,,,"Lip pendant",1,0,visible,,"Lip design drop pendant\n\n1.50ct Round brilliant cut diamonds\n\nG colour-Vs clarity diamonds\n\n1.00ct Pink sapphires\n\n18k white gold belcher chain\n\nLength: 16 inches\n\n&nbsp;\n\n&nbsp;\n\n&nbsp;\n\n&nbsp;",,,taxable,,1,,,0,0,,,,,1,,,3950,"Jewellery Collection, Jewellery Collection > Necklace",,,"https://pachaoflondon.com/wp-content/uploads/2025/02/Photoroom_20250214_141858.jpg, https://pachaoflondon.com/wp-content/uploads/2025/02/Photoroom_20250214_141858.jpg",,,,,,,,,0,,"Pink sapphire, Diamonds, 18k white, Lip design drop pendant",field_586a50d32fdc2,,field_586bc3c6214bc,,field_586bc3e2214bd,,field_58752651bb382,Pre-owned,field_587526d8bb384,"0 (new/unworn)",field_586bc400214be,,field_5873b9289d99a,,field_5873b92d9d99b,Unisex,field_586bc406214bf,"knightsbridge, London",field_586bc413214c0,,field_586bb3707b79a,Immediately,field_5873b849ba10d,,field_587526abbb383,,field_586bc437214c2,,field_5873d1f749c2b,,field_5873d20849c2c,,field_5873d21249c2d,,field_586bc452214c4,,field_586bc45d214c5,,field_586bc469214c6,,field_586bc477214c7,,field_586bc488214c8,,field_586bc49b214ca,,field_586b745e69a7d,,field_586bc4ad214cb,,field_586bc4b5214cc,,field_586bc4c4214cd,,field_586bc4ce214ce,,field_5873d2a341247,,field_586bc4dd214d0,,field_586bc4f2214d2,53,90,9381098901956568,,,,,,,,,,,,,,,,,,,,,,,,,,,,,,,yes,yes,,product,,,,,,,,,,,,,,,,,,,,,,,,,,,,,,,,,,,,9381099581956500,1,,,,,0,,,,,,,,,,,,
8542,simple,,,Imperiale,1,0,visible,,"Chopard Imperiale\n\nRef: 388532-3002\n\nStainless steel case and bracelet\n\n36mm case size\n\nSilver dial with roman numerals and batons\n\nQuartz movement\n\nBox and one year warranty",,,taxable,,1,,,0,0,,,,,1,,,3500,"Watches > Chopard",,,"https://pachaoflondon.com/wp-content/uploads/2025/02/261024F1-26DC-491D-A0DC-FCB7C1F0040A.jpg, https://pachaoflondon.com/wp-content/uploads/2025/02/261024F1-26DC-491D-A0DC-FCB7C1F0040A.jpg",,,,,,,,,0,,"36mm, stainless steel, roman numeral, quartz ",field_586a50d32fdc2,388532-3002,field_586bc3c6214bc,,field_586bc3e2214bd,Watch,field_58752651bb382,Pre-owned,field_587526d8bb384,"1 (mint)",field_586bc400214be,Yes,field_5873b9289d99a,No,field_5873b92d9d99b,Women’s,field_586bc406214bf,"London ",field_586bc413214c0,,field_586bb3707b79a,Immediately,field_5873b849ba10d,,field_587526abbb383,Quartz,field_586bc437214c2,,field_5873d1f749c2b,,field_5873d20849c2c,,field_5873d21249c2d,Steel,field_586bc452214c4,Steel,field_586bc45d214c5,,field_586bc469214c6,"Double-fold clasp",field_586bc477214c7,"stainless steel ",field_586bc488214c8,Steel,field_586bc49b214ca,36,field_586b745e69a7d,,field_586bc4ad214cb,"steel ",field_586bc4b5214cc,,field_586bc4c4214cd,Silver,field_586bc4ce214ce,"Roman numerals",field_5873d2a341247,,field_586bc4dd214d0,,field_586bc4f2214d2,24,90,9273131699469583,,,,,,,,,,,,,,,,,,,,,,,,,,,,,,,yes,yes,,product,,,,,,,,,,,,,,,,,,,,,,,,,,,,,,,,,,,,9273132086136211,1,,,,,0,,,,,,,,,,,,
8559,simple,,,"Diamond timepiece",1,0,visible,,"Concord\n\n18k yellow and white gold\n\nBezel, case and lugs set with round brilliant cut diamonds\n\nQuartz movement\n\n18k yellow gold jewellery clasp\n\nKnightsbridge, London\n\n&nbsp;\n\n&nbsp;",,,taxable,,1,,,0,0,,,,,1,,,8000,"Watches > Assorted, Concord",,,"https://pachaoflondon.com/wp-content/uploads/2025/02/Photoroom_20250226_164034-1.jpg, https://pachaoflondon.com/wp-content/uploads/2025/02/Photoroom_20250226_164034.jpg",,,,,,,,,0,,"diamonds, yellow and white gold, 20mm case ",field_586a50d32fdc2,"Diamond ",field_586bc3c6214bc,,field_586bc3e2214bd,Watch,field_58752651bb382,Pre-owned,field_587526d8bb384,"2 (fine)",field_586bc400214be,No,field_5873b9289d99a,No,field_5873b92d9d99b,Unisex,field_586bc406214bf,"Knightsbridge, London",field_586bc413214c0,,field_586bb3707b79a,Immediately,field_5873b849ba10d,,field_587526abbb383,Quartz,field_586bc437214c2,,field_5873d1f749c2b,,field_5873d20849c2c,,field_5873d21249c2d,"Yellow Gold",field_586bc452214c4,White,field_586bc45d214c5,,field_586bc469214c6,"Fold clasp",field_586bc477214c7,"18k gold ",field_586bc488214c8,"Yellow gold",field_586bc49b214ca,20,field_586b745e69a7d,,field_586bc4ad214cb,"diamonds ",field_586bc4b5214cc,,field_586bc4c4214cd,,field_586bc4ce214ce,,field_5873d2a341247,,field_586bc4dd214d0,,field_586bc4f2214d2,73,90,9743173142361116,,,,,,,,,,,,,,,,,,,,,,,,,,,,,,,yes,yes,,product,,,,,,,,,,,,,,,,,,,,,,,,,,,,,,,,,,,,9743173575694406,1,,,,,0,,,,,,,,,,,,2025-02-26
8574,simple,,,Speedmaster,1,0,visible,,"Omega Speedmaster Vintage Mark II\n\nRef:145.014\n\n1970's era\n\nStainless steel, chronograph\n\nOriginal sales receipt available\n\n&nbsp;",,,taxable,,1,,,0,0,,,,,1,,,2750,Omega,,,"https://pachaoflondon.com/wp-content/uploads/2025/02/Photoroom_20250227_141645.jpg, https://pachaoflondon.com/wp-content/uploads/2025/02/Photoroom_20250227_141645.jpg",,,,,,,,,0,,"42mm, Mark II, Stainless steel, chronograph",field_586a50d32fdc2,145.014,field_586bc3c6214bc,,field_586bc3e2214bd,Watch,field_58752651bb382,Pre-owned,field_587526d8bb384,"2 (fine)",field_586bc400214be,,field_5873b9289d99a,,field_5873b92d9d99b,Men’s,field_586bc406214bf,"Knightsbridge, London",field_586bc413214c0,1970,field_586bb3707b79a,Immediately,field_5873b849ba10d,,field_587526abbb383,Automatic,field_586bc437214c2,,field_5873d1f749c2b,,field_5873d20849c2c,,field_5873d21249c2d,Steel,field_586bc452214c4,Steel,field_586bc45d214c5,,field_586bc469214c6,"Fold clasp",field_586bc477214c7,"stainless steel ",field_586bc488214c8,Steel,field_586bc49b214ca,42,field_586b745e69a7d,,field_586bc4ad214cb,,field_586bc4b5214cc,,field_586bc4c4214cd,Black,field_586bc4ce214ce,"No numerals",field_5873d2a341247,,field_586bc4dd214d0,,field_586bc4f2214d2,18,90,8748120038626383,,,,,,,,,,,,,,,,,,,,,,,,,,,,,,,yes,yes,,product,,,,,,,,,,,,,,,,,,,,,,,,,,,,,,,,,,,,8748120348626352,1,,,,,0,,,,,"Omega Speed master-Vintage Mark II-Ref:145.014-1970's era-Stainless steel, chronograph-Original sales receipt available.",,,,,,,
8584,simple,,,"Superocean Heritage",1,0,visible,,"Breitling Superocean Heritage\n\nRef:A1332016\n\n44mm case size, mesh bracelet\n\nChronograph\n\nNew\n\nComplete box and papers, dated 2015",,,taxable,,1,,,0,0,,,,,1,,,4400,Breitling,,,"https://pachaoflondon.com/wp-content/uploads/2025/02/Photoroom_20250227_135807.jpg, https://pachaoflondon.com/wp-content/uploads/2025/02/Photoroom_20250227_135807.jpg",,,,,,,,,0,,"44mm, Superocean, Heritage, Chronograph",field_586a50d32fdc2,A1332016,field_586bc3c6214bc,,field_586bc3e2214bd,Watch,field_58752651bb382,New,field_587526d8bb384,"0 (new/unworn)",field_586bc400214be,Yes,field_5873b9289d99a,Yes,field_5873b92d9d99b,Men’s,field_586bc406214bf,"Knightsbridge, London",field_586bc413214c0,"2015 ",field_586bb3707b79a,Immediately,field_5873b849ba10d,,field_587526abbb383,Automatic,field_586bc437214c2,,field_5873d1f749c2b,,field_5873d20849c2c,,field_5873d21249c2d,Steel,field_586bc452214c4,Steel,field_586bc45d214c5,,field_586bc469214c6,"Double-fold clasp",field_586bc477214c7,"stainless steel ",field_586bc488214c8,Steel,field_586bc49b214ca,44,field_586b745e69a7d,,field_586bc4ad214cb,,field_586bc4b5214cc,,field_586bc4c4214cd,Blue,field_586bc4ce214ce,"No numerals",field_5873d2a341247,,field_586bc4dd214d0,,field_586bc4f2214d2,16,90,28700061556305366,,,,,,,,,,,,,,,,,,,,,,,,,,,,,,,yes,yes,,product,,,,,,,,,,,,,,,,,,,,,,,,,,,,,,,,,,,,28700062202971968,1,,,,,0,,,,,,,,,,,,
8588,simple,,,Navitimer,1,0,visible,,"Breitling Navitimer\n\nChronograph, automatic movement\n\n47mm case size on a blue leather strap\n\nBlue dial, red second hand\n\nBox and warranty",,,taxable,,1,,,0,0,,,,,1,,,5000,Breitling,,,"https://pachaoflondon.com/wp-content/uploads/2025/02/Photoroom_20250227_134900.jpg, https://pachaoflondon.com/wp-content/uploads/2025/02/Photoroom_20250227_134900.jpg",,,,,,,,,0,,"47mm, chronograph, blue dial, automatic",field_586a50d32fdc2,"AB012721/C889 ",field_586bc3c6214bc,,field_586bc3e2214bd,Watch,field_58752651bb382,Pre-owned,field_587526d8bb384,"1 (mint)",field_586bc400214be,Yes,field_5873b9289d99a,No,field_5873b92d9d99b,Men’s,field_586bc406214bf,"Knightsbridge, London",field_586bc413214c0,,field_586bb3707b79a,Immediately,field_5873b849ba10d,,field_587526abbb383,Automatic,field_586bc437214c2,,field_5873d1f749c2b,,field_5873d20849c2c,,field_5873d21249c2d,Leather,field_586bc452214c4,Blue,field_586bc45d214c5,,field_586bc469214c6,Buckle,field_586bc477214c7,"Stainless steel ",field_586bc488214c8,Steel,field_586bc49b214ca,47,field_586b745e69a7d,,field_586bc4ad214cb,"stainless steel ",field_586bc4b5214cc,,field_586bc4c4214cd,Blue,field_586bc4ce214ce,"No numerals",field_5873d2a341247,,field_586bc4dd214d0,,field_586bc4f2214d2,16,90,9296568457094923,,,,,,,,,,,,,,,,,,,,,,,,,,,,,,,yes,yes,,product,,,,,,,,,,,,,,,,,,,,,,,,,,,,,,,,,,,,9296568757094893,1,,,,,0,,,,,,,,,,,,
8606,simple,,,"Ballon Bleu",1,0,visible,,"Cartier ballon bleu\n\nRef:WJBB0033\n\nRRP £20,500\n\n18k rose gold case and pin buckle\n\nRound brilliant cut diamonds on the bezel\n\nBurgundy leather strap\n\nComplete box and papers dated 2019",,,taxable,,1,,,0,0,,,,,1,,,15000,Cartier,,,"https://pachaoflondon.com/wp-content/uploads/2025/03/Photoroom_20250228_164945-2.jpg, https://pachaoflondon.com/wp-content/uploads/2025/03/Photoroom_20250228_164945-2.jpg",,,,,,,,,0,,"33mm, 18k rose gold, leather strap, automatic ",field_586a50d32fdc2,WJBB0033,field_586bc3c6214bc,,field_586bc3e2214bd,Watch,field_58752651bb382,Pre-owned,field_587526d8bb384,"1 (mint)",field_586bc400214be,Yes,field_5873b9289d99a,Yes,field_5873b92d9d99b,Unisex,field_586bc406214bf,"Knightsbridge, London ",field_586bc413214c0,2019,field_586bb3707b79a,Immediately,field_5873b849ba10d,,field_587526abbb383,Automatic,field_586bc437214c2,,field_5873d1f749c2b,,field_5873d20849c2c,,field_5873d21249c2d,Leather,field_586bc452214c4,,field_586bc45d214c5,,field_586bc469214c6,Buckle,field_586bc477214c7,"18k rose gold ",field_586bc488214c8,"Pink gold",field_586bc49b214ca,33,field_586b745e69a7d,,field_586bc4ad214cb,"diamonds ",field_586bc4b5214cc,"Sapphire Glass",field_586bc4c4214cd,Silver,field_586bc4ce214ce,"Roman numerals",field_5873d2a341247,,field_586bc4dd214d0,,field_586bc4f2214d2,12,90,9547163462042380,,,,,,,,,,,,,,,,,,,,,,,,,,,,,,,yes,yes,,product,,,,,,,,,,,,,,,,,,,,,,,,,,,,,,,,,,,,9547163685375691,1,,,,,0,,,,,,,,,,,,
8611,simple,,,Cellini,1,0,visible,,"Rolex cellini\n\nRef: 3805\n\nVintage\n\n18k white gold, mesh bracelet\n\nMatte blue dial\n\n1970's era\n\nBox and warranty\n\n&nbsp;",,,taxable,,1,,,0,0,,,,,1,,,7750,Rolex,,,"https://pachaoflondon.com/wp-content/uploads/2025/03/Photoroom_20250228_165115-2.jpg, https://pachaoflondon.com/wp-content/uploads/2025/03/Photoroom_20250228_165115-2.jpg",,,,,,,,,0,,"Matte blue dial, 1970's, 31mm, White gold, quartz ",field_586a50d32fdc2,3805,field_586bc3c6214bc,,field_586bc3e2214bd,Watch,field_58752651bb382,Pre-owned,field_587526d8bb384,"1 (mint)",field_586bc400214be,Yes,field_5873b9289d99a,No,field_5873b92d9d99b,Unisex,field_586bc406214bf,"Knightsbridge, London ",field_586bc413214c0,1970,field_586bb3707b79a,Immediately,field_5873b849ba10d,,field_587526abbb383,Quartz,field_586bc437214c2,,field_5873d1f749c2b,,field_5873d20849c2c,,field_5873d21249c2d,"White Gold",field_586bc452214c4,White,field_586bc45d214c5,,field_586bc469214c6,"Double-fold clasp",field_586bc477214c7,"white gold ",field_586bc488214c8,"White gold",field_586bc49b214ca,31,field_586b745e69a7d,,field_586bc4ad214cb,"white gold ",field_586bc4b5214cc,"Sapphire Glass",field_586bc4c4214cd,Blue,field_586bc4ce214ce,"No numerals",field_5873d2a341247,,field_586bc4dd214d0,,field_586bc4f2214d2,8,90,9850875378264279,,,,,,,,,,,,,,,,,,,,,,,,,,,,,,,yes,yes,,product,,,,,,,,,,,,,,,,,,,,,,,,,,,,,,,,,,,,9850875688264248,1,,,,,0,,,,,"Rolex Cellini, Matte blue dial, 18k white gold, mesh bracelet, Ref: 3805, vintage. Available at Knightsbridge, London showroom.",,,,,,,
8618,simple,,,"Santos octagon",1,0,visible,,"Cartier Santos Octagon\n\nRef: 2965\n\nStainless steel featuring a black dial\n\n30mm case size\n\nGreen leather strap\n\nBox &amp; warranty",,,taxable,,1,,,0,0,,,,,1,,,3950,Cartier,,,"https://pachaoflondon.com/wp-content/uploads/2025/03/Photoroom_20250303_110417.jpg, https://pachaoflondon.com/wp-content/uploads/2025/03/Photoroom_20250303_110417.jpg",,,,,,,,,0,,"30mm, automatic, leather strap, Octagon ",field_586a50d32fdc2,2965,field_586bc3c6214bc,,field_586bc3e2214bd,Watch,field_58752651bb382,Pre-owned,field_587526d8bb384,"1 (mint)",field_586bc400214be,Yes,field_5873b9289d99a,No,field_5873b92d9d99b,Women’s,field_586bc406214bf,"Knightsbridge, London ",field_586bc413214c0,1990,field_586bb3707b79a,Immediately,field_5873b849ba10d,,field_587526abbb383,Automatic,field_586bc437214c2,,field_5873d1f749c2b,,field_5873d20849c2c,,field_5873d21249c2d,Steel,field_586bc452214c4,Green,field_586bc45d214c5,,field_586bc469214c6,Buckle,field_586bc477214c7,"stainless steel",field_586bc488214c8,Steel,field_586bc49b214ca,30,field_586b745e69a7d,,field_586bc4ad214cb,"stainless steel ",field_586bc4b5214cc,,field_586bc4c4214cd,Black,field_586bc4ce214ce,"No numerals",field_5873d2a341247,,field_586bc4dd214d0,,field_586bc4f2214d2,12,90,9873329899368100,,,,,,,,,,,,,,,,,,,,,,,,,,,,,,,yes,yes,,product,,,,,,,,,,,,,,,,,,,,,,,,,,,,,,,,,,,,9873330262701397,1,,,,,0,,,,,,,,,,,,
8625,simple,,,"Tank Divan dual time",1,0,visible,,"Cartier Tank Divan\n\nRef: 2756\n\nDual time\n\nQuartz movement\n\n18k white gold with round brilliant cut diamonds\n\nBurgundy leather strap, pin buckle\n\nYear: 2000's\n\n&nbsp;",,,taxable,,1,,,0,0,,,,,1,,,19850,Cartier,,,"https://pachaoflondon.com/wp-content/uploads/2025/03/Photoroom_20250303_110521-2.jpg, https://pachaoflondon.com/wp-content/uploads/2025/03/Photoroom_20250303_110521-2.jpg",,,,,,,,,0,,"18k white gold, round brilliant cut diamonds on a burgundy leather strap ",field_586a50d32fdc2,2756,field_586bc3c6214bc,,field_586bc3e2214bd,Watch,field_58752651bb382,Pre-owned,field_587526d8bb384,"1 (mint)",field_586bc400214be,Yes,field_5873b9289d99a,No,field_5873b92d9d99b,Unisex,field_586bc406214bf,"knightsbridge, London ",field_586bc413214c0,2000,field_586bb3707b79a,Immediately,field_5873b849ba10d,,field_587526abbb383,Quartz,field_586bc437214c2,,field_5873d1f749c2b,,field_5873d20849c2c,,field_5873d21249c2d,Leather,field_586bc452214c4,,field_586bc45d214c5,,field_586bc469214c6,Buckle,field_586bc477214c7,"diamonds and 18k white gold ",field_586bc488214c8,"White gold",field_586bc49b214ca,38,field_586b745e69a7d,,field_586bc4ad214cb,"diamonds ",field_586bc4b5214cc,,field_586bc4c4214cd,White,field_586bc4ce214ce,"Roman numerals",field_5873d2a341247,,field_586bc4dd214d0,,field_586bc4f2214d2,12,90,28692462697065652,,,,,,,,,,,,,,,,,,,,,,,,,,,,,,,yes,yes,,product,,,,,,,,,,,,,,,,,,,,,,,,,,,,,,,,,,,,28692463250398930,1,,,,,0,,,,,"Cartier-Tank Divan-Ref:2756-18k white gold-Round brilliant cut diamonds-Dual time-Leather strap-quartz movement-Knightsbridge, London.",,,,,,,
8632,simple,,,"Birkin 25 Ostrich",1,0,visible,,"Hermes birkin 25\n\nOstrich in colour Beton\n\nGold hardware\n\n-New-\n\nAvailable immediately\n\n&nbsp;\n\n&nbsp;",,,taxable,,1,,,0,0,,,,,1,,,34000,"Hermes, Hermes > Hermes bags",,,"https://pachaoflondon.com/wp-content/uploads/2025/03/Photoroom_20250310_132701.jpg, https://pachaoflondon.com/wp-content/uploads/2025/03/Photoroom_20250310_132701.jpg",,,,,,,,,0,,"Autruche, Beton, Gold hardware, Unworn ",field_586a50d32fdc2,,field_586bc3c6214bc,,field_586bc3e2214bd,,field_58752651bb382,New,field_587526d8bb384,"0 (new/unworn)",field_586bc400214be,Yes,field_5873b9289d99a,,field_5873b92d9d99b,Unisex,field_586bc406214bf,"Knightsbridge, London",field_586bc413214c0,,field_586bb3707b79a,Immediately,field_5873b849ba10d,,field_587526abbb383,,field_586bc437214c2,,field_5873d1f749c2b,,field_5873d20849c2c,,field_5873d21249c2d,,field_586bc452214c4,,field_586bc45d214c5,,field_586bc469214c6,,field_586bc477214c7,,field_586bc488214c8,,field_586bc49b214ca,,field_586b745e69a7d,,field_586bc4ad214cb,,field_586bc4b5214cc,,field_586bc4c4214cd,,field_586bc4ce214ce,,field_5873d2a341247,,field_586bc4dd214d0,,field_586bc4f2214d2,75,90,8995790227186567,,,,,,,,,,,,,,,,,,,,,,,,,,,,,,,yes,yes,,product,,,,,,,,,,,,,,,,,,,,,,,,,,,,,,,,,,,,8995790400519883,1,,,,,0,,,,,"Hermens Birkin 25-Ostrich-Colour: Beton-Gold hardware-2025-Available at our Knightsbridge, London boutique .",,,,,,,
8638,simple,,,"Royal Oak extra thin",1,0,visible,,"Audemars Piguet Royal Oak-Extra Thin\n\nTourbillon- an addition to the mechanics of a watch escapement to increase accuracy\n\n18k rose gold case and bracelet\n\nVery good condition\n\nComplete box and papers dated 2013\n\nKnightsbridge, London",,,taxable,,1,,,0,0,,,,,1,,,165000,"Audemars Piguet",,,"https://pachaoflondon.com/wp-content/uploads/2025/03/Photoroom_20250310_171438.jpg, https://pachaoflondon.com/wp-content/uploads/2025/03/Photoroom_20250310_171438.jpg, https://pachaoflondon.com/wp-content/uploads/2025/03/Photoroom_20250310_171601.jpg, https://pachaoflondon.com/wp-content/uploads/2025/03/Photoroom_20250310_171532.jpg",,,,,,,,,0,,"41mm, Tourbillon, 18k rose gold, Extra thin, Automatic movement ",field_586a50d32fdc2,265100R.00.1200R.01,field_586bc3c6214bc,,field_586bc3e2214bd,Watch,field_58752651bb382,Pre-owned,field_587526d8bb384,"1 (mint)",field_586bc400214be,Yes,field_5873b9289d99a,Yes,field_5873b92d9d99b,Men’s,field_586bc406214bf,"knightsbridge, London",field_586bc413214c0,2013,field_586bb3707b79a,Immediately,field_5873b849ba10d,,field_587526abbb383,Automatic,field_586bc437214c2,,field_5873d1f749c2b,,field_5873d20849c2c,,field_5873d21249c2d,"Pink Gold",field_586bc452214c4,Pink,field_586bc45d214c5,,field_586bc469214c6,"Double-fold clasp",field_586bc477214c7,"18k pink gold ",field_586bc488214c8,"Pink gold",field_586bc49b214ca,41,field_586b745e69a7d,,field_586bc4ad214cb,"18k rose gold ",field_586bc4b5214cc,,field_586bc4c4214cd,Blue,field_586bc4ce214ce,,field_5873d2a341247,,field_586bc4dd214d0,,field_586bc4f2214d2,9,90,9543209685771238,,,,,,,,,,,,,,,,,,,,,,,,,,,,,,,yes,yes,,product,,,,,,,,,,,,,,,,,,,,,,,,,,,,,,,,,,,,9543210012437872,1,,,,,0,,,,,"Audemars Piguet-Royal Oak-Extra Thin-41mm-Tourbillon-£165,000-18k rose gold-Ref: 265100R-Knightsbridge, London.",,,,,,,
8644,simple,,,"Gmt-Master II",1,0,visible,,"Rolex Gmt-master II SARU.\n\n18k Yellow gold, oyster style bracelet.\n\nFactory set diamonds and gemstones.\n\n40mm case size.\n\nRolex service papers and stickers from 2020.\n\nKnightsbridge, London.",,,taxable,,1,,,0,0,,,,,1,,,140000,Rolex,,,"https://pachaoflondon.com/wp-content/uploads/2025/03/Photoroom_20250310_171643.jpg, https://pachaoflondon.com/wp-content/uploads/2025/03/Photoroom_20250310_171643.jpg, https://pachaoflondon.com/wp-content/uploads/2025/03/Photoroom_20250314_114921.jpeg",,,,,,,,,0,,"SARU, Gemstones and diamonds, Rolex service papers 2020, 18k yellow gold, 40mm",field_586a50d32fdc2,"116758SARU ",field_586bc3c6214bc,,field_586bc3e2214bd,Watch,field_58752651bb382,Pre-owned,field_587526d8bb384,"1 (mint)",field_586bc400214be,Yes,field_5873b9289d99a,No,field_5873b92d9d99b,Men’s,field_586bc406214bf,"Knightsbridge, London",field_586bc413214c0,2008,field_586bb3707b79a,Immediately,field_5873b849ba10d,,field_587526abbb383,Automatic,field_586bc437214c2,,field_5873d1f749c2b,,field_5873d20849c2c,,field_5873d21249c2d,"Yellow Gold",field_586bc452214c4,Yellow,field_586bc45d214c5,,field_586bc469214c6,"Double-fold clasp",field_586bc477214c7,"18k yellow gold",field_586bc488214c8,"Yellow gold",field_586bc49b214ca,40,field_586b745e69a7d,,field_586bc4ad214cb,"diamonds and gemstones ",field_586bc4b5214cc,"Sapphire Glass",field_586bc4c4214cd,,field_586bc4ce214ce,,field_5873d2a341247,,field_586bc4dd214d0,,field_586bc4f2214d2,8,90,29172834255695542,,,,,,,,,,,,,,,,,,,,,,,,,,,,,,,yes,yes,,product,,,,,,,,,,,,,,,,,,,,,,,,,,,,,,,,,,,,29172834785695489,1,,,,,0,,,,,"Rolex Gmt-Master II SARU-18k Yellow gold-Ref:116758SARU-Factory set diamonds & gemstones-40mm case size-Rolex service papers-Knightsbridge, London. ",,,,,,,
8647,simple,,,Movado,1,0,visible,,"Movado vintage cocktail timepiece.\n\n18k white gold set with round brilliant cut diamonds.\n\nDiamonds total weight 0.64ct.\n\nManual wind.\n\n15.5mm case size.\n\nJewellery fold clasp.\n\nKnightsbridge, London.",,,taxable,,1,,,0,0,,,,,1,,,5450,"Watches > Assorted",,,"https://pachaoflondon.com/wp-content/uploads/2025/03/Photoroom_20250311_172048.jpg, https://pachaoflondon.com/wp-content/uploads/2025/03/Photoroom_20250311_172048.jpg, https://pachaoflondon.com/wp-content/uploads/2025/03/Photoroom_20250311_172259.jpg, https://pachaoflondon.com/wp-content/uploads/2025/03/Photoroom_20250311_172416.jpg",,,,,,,,,0,,"vintage, 18k white gold, round brilliant cut diamonds, 0.64ct, manual wind ",field_586a50d32fdc2,"vintage ",field_586bc3c6214bc,,field_586bc3e2214bd,Watch,field_58752651bb382,Pre-owned,field_587526d8bb384,"2 (fine)",field_586bc400214be,,field_5873b9289d99a,,field_5873b92d9d99b,Women’s,field_586bc406214bf,"knightsbridge, London",field_586bc413214c0,,field_586bb3707b79a,Immediately,field_5873b849ba10d,,field_587526abbb383,"Manual winding",field_586bc437214c2,,field_5873d1f749c2b,,field_5873d20849c2c,,field_5873d21249c2d,"White Gold",field_586bc452214c4,White,field_586bc45d214c5,,field_586bc469214c6,"Jewelry clasp",field_586bc477214c7,"18k white gold ",field_586bc488214c8,"White gold",field_586bc49b214ca,15,field_586b745e69a7d,,field_586bc4ad214cb,"diamonds ",field_586bc4b5214cc,,field_586bc4c4214cd,Beige,field_586bc4ce214ce,,field_5873d2a341247,,field_586bc4dd214d0,,field_586bc4f2214d2,,90,28745518235095188,,,,,,,,,,,,,,,,,,,,,,,,,,,,,,,yes,yes,,product,,,,,,,,,,,,,,,,,,,,,,,,,,,,,,,,,,,,28745519025095109,1,,,,,0,,,,,"Movado vintage cocktail timepiece-18k-Round brilliant cut diamonds-Diamonds total weight 0.64ct-Manual wind-15.5mm-Knightsbridge, London.",,,,,,,
8659,simple,,,"Diamond studs",1,0,visible,,"<strong>£POA</strong>\n\n<strong>Please call in store today at 0207 430 2799. </strong>\n\nCartier diamond stud earrings.\n\n1.74CT Each.\n\nD colour.\n\nInternally flawless (IF) / VVS1 Clarity.\n\nGia certified.\n\nCartier Certificate.\n\nPlatinum mount with alpha fittings.\n\nAvailable at our showroom in Knightsbridge, London.",,,taxable,,1,,,0,0,,,,,1,,,,"Branded Jewellery, Branded Jewellery > Cartier, earrings",,,"https://pachaoflondon.com/wp-content/uploads/2025/03/Photoroom_20250318_123548.jpg, https://pachaoflondon.com/wp-content/uploads/2025/03/Photoroom_20250318_123548.jpg, https://pachaoflondon.com/wp-content/uploads/2025/03/Photoroom_20250318_122851.jpg, https://pachaoflondon.com/wp-content/uploads/2025/03/Photoroom_20250318_122938.jpg",,,,,,,,,0,,"Cartier round brilliant cut stud earrings, Platinum, Gia certified, IF/D colour",field_586a50d32fdc2,,field_586bc3c6214bc,,field_586bc3e2214bd,,field_58752651bb382,Pre-owned,field_587526d8bb384,"1 (mint)",field_586bc400214be,Yes,field_5873b9289d99a,Yes,field_5873b92d9d99b,Unisex,field_586bc406214bf,"knightsbridge, London",field_586bc413214c0,,field_586bb3707b79a,Immediately,field_5873b849ba10d,,field_587526abbb383,,field_586bc437214c2,,field_5873d1f749c2b,,field_5873d20849c2c,,field_5873d21249c2d,,field_586bc452214c4,,field_586bc45d214c5,,field_586bc469214c6,,field_586bc477214c7,,field_586bc488214c8,,field_586bc49b214ca,,field_586b745e69a7d,,field_586bc4ad214cb,,field_586bc4b5214cc,,field_586bc4c4214cd,,field_586bc4ce214ce,,field_5873d2a341247,,field_586bc4dd214d0,,field_586bc4f2214d2,60,90,9573014656084240,,,,,,,,,,,,,,,,,,,,,,,,,,,,,,,yes,yes,,product,,,,,,,,,,,,,,,,,,,,,,,,,,,,,,,,,,,,9573015186084187,1,,,,,0,,,,,,,,,,,,
8673,simple,,,"Roulis 24",1,0,visible,,"Hermes Roulis 24.\n\nMimosa Niloticus.\n\nShiny Crocodile.\n\nPalladium hardware.\n\nNew-2024.\n\nBox available.\n\nKnightsbridge, London.",,,taxable,,1,,,0,0,,,,,1,,,17000,"Hermes, Hermes > Hermes bags",,,"https://pachaoflondon.com/wp-content/uploads/2025/03/Photoroom_20250318_153356.jpeg, https://pachaoflondon.com/wp-content/uploads/2025/03/Photoroom_20250318_153356.jpeg",,,,,,,,,0,,"24, Shiny crocodile, Mimosa, Niloticus, Palladium hardware",field_586a50d32fdc2,,field_586bc3c6214bc,,field_586bc3e2214bd,,field_58752651bb382,New,field_587526d8bb384,"0 (new/unworn)",field_586bc400214be,Yes,field_5873b9289d99a,,field_5873b92d9d99b,Unisex,field_586bc406214bf,"Knightsbridge, London ",field_586bc413214c0,"2024 ",field_586bb3707b79a,Immediately,field_5873b849ba10d,,field_587526abbb383,,field_586bc437214c2,,field_5873d1f749c2b,,field_5873d20849c2c,,field_5873d21249c2d,,field_586bc452214c4,,field_586bc45d214c5,,field_586bc469214c6,,field_586bc477214c7,,field_586bc488214c8,,field_586bc49b214ca,,field_586b745e69a7d,,field_586bc4ad214cb,,field_586bc4b5214cc,,field_586bc4c4214cd,,field_586bc4ce214ce,,field_5873d2a341247,,field_586bc4dd214d0,,field_586bc4f2214d2,76,90,9211719578954040,,,,,,,,,,,,,,,,,,,,,,,,,,,,,,,yes,yes,,product,,,,,,,,,,,,,,,,,,,,,,,,,,,,,,,,,,,,9211719892287342,1,,,,,0,,,,,,,,,,,,
8676,simple,,,"Birkin 25",1,0,visible,,"Hermes Birkin 25 -cargo.\n\nPalladium hardware.\n\nCanvas and leather-khaki and brown .\n\nHermes box\n\n-New-\n\nKnightsbridge, London showroom.",,,taxable,,1,,,0,0,,,,,1,,,34000,"Hermes, Hermes > Hermes bags",,,"https://pachaoflondon.com/wp-content/uploads/2025/03/Photoroom_20250318_153010.jpeg, https://pachaoflondon.com/wp-content/uploads/2025/03/Photoroom_20250318_153010.jpeg",,,,,,,,,0,,"Cargo, canvas, brown and khaki, New",field_586a50d32fdc2,,field_586bc3c6214bc,,field_586bc3e2214bd,,field_58752651bb382,New,field_587526d8bb384,"0 (new/unworn)",field_586bc400214be,Yes,field_5873b9289d99a,,field_5873b92d9d99b,,field_586bc406214bf,"Knightsbridge, London ",field_586bc413214c0,,field_586bb3707b79a,Immediately,field_5873b849ba10d,,field_587526abbb383,,field_586bc437214c2,,field_5873d1f749c2b,,field_5873d20849c2c,,field_5873d21249c2d,,field_586bc452214c4,,field_586bc45d214c5,,field_586bc469214c6,,field_586bc477214c7,,field_586bc488214c8,,field_586bc49b214ca,,field_586b745e69a7d,,field_586bc4ad214cb,,field_586bc4b5214cc,,field_586bc4c4214cd,,field_586bc4ce214ce,,field_5873d2a341247,,field_586bc4dd214d0,,field_586bc4f2214d2,76,90,9806582522706095,,,,,,,,,,,,,,,,,,,,,,,,,,,,,,,yes,yes,,product,,,,,,,,,,,,,,,,,,,,,,,,,,,,,,,,,,,,9806582842706063,1,,,,,0,,,,,"Hermes Birkin 25 -cargo. Palladium hardware. Canvas and leather-khaki and brown.Hermes box -New-Knightsbridge, London showroom. ",,,,,,,
8681,simple,,,"Force 10",1,0,visible,,"Fred-Force 10 collection rope bracelet.\n\nRrp: £13,650.\n\n18k rose gold with round brilliant cut diamonds.\n\nLarge.\n\nInterchangeable rope size 19/20cm.\n\nKnightsbridge, London.\n\n&nbsp;",,,taxable,,1,,,0,0,,,,,1,,,8950,"Jewellery Collection > Bracelets, Branded Jewellery, Branded Jewellery > Fred",,,"https://pachaoflondon.com/wp-content/uploads/2025/03/Photoroom_20250321_163140.jpg, https://pachaoflondon.com/wp-content/uploads/2025/03/Photoroom_20250321_163140.jpg",,,,,,,,,0,,"18k rose gold, round brilliant cut diamonds, Force 10 collection, rope bracelet ",field_586a50d32fdc2,,field_586bc3c6214bc,,field_586bc3e2214bd,,field_58752651bb382,New,field_587526d8bb384,"1 (mint)",field_586bc400214be,,field_5873b9289d99a,,field_5873b92d9d99b,,field_586bc406214bf,"knightsbridge, London ",field_586bc413214c0,,field_586bb3707b79a,Immediately,field_5873b849ba10d,,field_587526abbb383,,field_586bc437214c2,,field_5873d1f749c2b,,field_5873d20849c2c,,field_5873d21249c2d,,field_586bc452214c4,,field_586bc45d214c5,,field_586bc469214c6,,field_586bc477214c7,,field_586bc488214c8,,field_586bc49b214ca,,field_586b745e69a7d,,field_586bc4ad214cb,,field_586bc4b5214cc,,field_586bc4c4214cd,,field_586bc4ce214ce,,field_5873d2a341247,,field_586bc4dd214d0,,field_586bc4f2214d2,60,90,9310920828976762,,,,,,,,,,,,,,,,,,,,,,,,,,,,,,,yes,yes,,product,,,,,,,,,,,,,,,,,,,,,,,,,,,,,,,,,,,,9310921418976703,1,,,,,0,,,,,"Fred-Force 10 collection rope bracelet. RRP: £13,650.18k rose gold with round brilliant cut diamonds. Knightsbridge, London ",,,,,,,
8683,simple,,,"Force 10",1,0,visible,,"Fred force 10 collection bracelet.\n\n18k white gold rope.\n\n18k white gold with round brilliant cut diamonds.\n\nSize 15/16cm.\n\nKnightsbridge, London.",,,taxable,,1,,,0,0,,,,,1,,,2250,"Jewellery Collection > Bracelets, Branded Jewellery, Branded Jewellery > Fred",,,"https://pachaoflondon.com/wp-content/uploads/2025/03/Photoroom_20250321_163201.jpg, https://pachaoflondon.com/wp-content/uploads/2025/03/Photoroom_20250321_163201.jpg",,,,,,,,,0,,"18k white gold rope, white old, diamonds, bracelet ",field_586a50d32fdc2,,field_586bc3c6214bc,,field_586bc3e2214bd,,field_58752651bb382,New,field_587526d8bb384,"1 (mint)",field_586bc400214be,,field_5873b9289d99a,,field_5873b92d9d99b,Women’s,field_586bc406214bf,"Knightsbridge, London ",field_586bc413214c0,,field_586bb3707b79a,Immediately,field_5873b849ba10d,,field_587526abbb383,,field_586bc437214c2,,field_5873d1f749c2b,,field_5873d20849c2c,,field_5873d21249c2d,,field_586bc452214c4,,field_586bc45d214c5,,field_586bc469214c6,,field_586bc477214c7,,field_586bc488214c8,,field_586bc49b214ca,,field_586b745e69a7d,,field_586bc4ad214cb,,field_586bc4b5214cc,,field_586bc4c4214cd,,field_586bc4ce214ce,,field_5873d2a341247,,field_586bc4dd214d0,,field_586bc4f2214d2,60,90,9743214682375564,,,,,,,,,,,,,,,,,,,,,,,,,,,,,,,yes,yes,,product,,,,,,,,,,,,,,,,,,,,,,,,,,,,,,,,,,,,9743215242375508,1,,,,,0,,,,,"Fred force 10 collection bracelet. 18k white gold rope. 18k white gold with round brilliant cut diamonds.Size 15/16cm. Knightsbridge, London. ",,,,,,,
8696,simple,,,"Long Island Crazy hours color dreams",1,0,visible,,"Franck Muller Long Island.\n\n18k white gold case and pin buckle.\n\n45mm case size.\n\nColor dreams, crazy hours.\n\nBlack leather strap with pink stitching.\n\nComplete box and papers.\n\nAvailable at Knightsbridge showroom, London.",,,taxable,,1,,,0,0,,,,,1,,,12950,"Watches > Franck Muller",,,"https://pachaoflondon.com/wp-content/uploads/2025/03/441978EB-7ED2-47FD-BDC7-60DF6DA7027A.jpg, https://pachaoflondon.com/wp-content/uploads/2025/03/441978EB-7ED2-47FD-BDC7-60DF6DA7027A.jpg, https://pachaoflondon.com/wp-content/uploads/2025/03/E1BB5214-CDD7-4F50-A033-500AD7D7D872.jpg",,,,,,,,,0,,"18k white gold, Crazy hours, Color dreams, leather strap",field_586a50d32fdc2,"1200CH ",field_586bc3c6214bc,,field_586bc3e2214bd,Watch,field_58752651bb382,New,field_587526d8bb384,"1 (mint)",field_586bc400214be,Yes,field_5873b9289d99a,Yes,field_5873b92d9d99b,Men’s,field_586bc406214bf,"Knightsbridge, London ",field_586bc413214c0,,field_586bb3707b79a,Immediately,field_5873b849ba10d,,field_587526abbb383,Automatic,field_586bc437214c2,,field_5873d1f749c2b,,field_5873d20849c2c,,field_5873d21249c2d,Leather,field_586bc452214c4,Black,field_586bc45d214c5,,field_586bc469214c6,Buckle,field_586bc477214c7,"18K white gold ",field_586bc488214c8,"White gold",field_586bc49b214ca,45,field_586b745e69a7d,,field_586bc4ad214cb,"18k white gold ",field_586bc4b5214cc,,field_586bc4c4214cd,,field_586bc4ce214ce,"Arabic numerals",field_5873d2a341247,,field_586bc4dd214d0,,field_586bc4f2214d2,20,90,9435579473207310,,,,,,,,,,,,,,,,,,,,,,,,,,,,,,,yes,yes,,product,,,,,,,,,,,,,,,,,,,,,,,,,,,,,,,,,,,,9435579859873938,1,,,,,0,,,,,"Franck Muller Long Island-18k white gold-45mm-Color dreams, crazy hours. Leather strap-Complete box and papers. Available at Knightsbridge-London. ",,,,,,,
8718,simple,,,Nautilus,1,0,visible,,"Patek Philippe Nautilus.\n\nRef: 5980R-001.\n\n18k rose gold case and double fold over clasp.\n\nBrown leather strap.\n\nComplete box and papers dated 2010.\n\nExcellent condition.\n\nAvailable at Knightsbridge, London.\n\nCall and book an appointment for viewing today on 02074302799.",,,taxable,,1,,,0,0,,,,,1,,,89850,"Patek Philippe",v,,"https://pachaoflondon.com/wp-content/uploads/2025/04/Photoroom_20250402_174145.jpg, https://pachaoflondon.com/wp-content/uploads/2025/04/Photoroom_20250402_174145.jpg",,,,,,,,,0,,"18k rose gold, chronograph, 40mm, brown dial, automatic ",field_586a50d32fdc2,5980R-001,field_586bc3c6214bc,,field_586bc3e2214bd,Watch,field_58752651bb382,Pre-owned,field_587526d8bb384,"1 (mint)",field_586bc400214be,Yes,field_5873b9289d99a,Yes,field_5873b92d9d99b,Men’s,field_586bc406214bf,"Knightsbridge, London",field_586bc413214c0,"2010 ",field_586bb3707b79a,Immediately,field_5873b849ba10d,,field_587526abbb383,Automatic,field_586bc437214c2,,field_5873d1f749c2b,,field_5873d20849c2c,,field_5873d21249c2d,Leather,field_586bc452214c4,Brown,field_586bc45d214c5,,field_586bc469214c6,"Double-fold clasp",field_586bc477214c7,"18K rose gold ",field_586bc488214c8,"Pink gold",field_586bc49b214ca,40,field_586b745e69a7d,,field_586bc4ad214cb,"18k rose gold ",field_586bc4b5214cc,,field_586bc4c4214cd,Brown,field_586bc4ce214ce,,field_5873d2a341247,,field_586bc4dd214d0,,field_586bc4f2214d2,10,90,9845187975531480,,,,,,,,,,,,,,,,,,,,,,,,,,,,,,,yes,yes,,product,,,,,,,,,,,,,,,,,,,,,,,,,,,,,,,,,,,,9845188478864763,1,,,,,0,,,,,"Patek Philippe Nautilus.Ref: 5980R-001. 18k rose gold case and double fold over clasp. Brown leather strap. Year 2010. Excellent condition. ",,,,,,,
8743,simple,,,Nautilus,1,0,visible,,"Patek Philippe Nautilus.\n\nRef: 5990/1A.\n\nStainless steel case and bracelet.\n\n40.5mm case size.\n\nDouble fold over clasp.\n\nGrey dial.\n\nExcellent condition.\n\nComplete box &amp; papers dated, 2017.\n\nKnightsbridge, London.",,,taxable,,1,,,0,0,,,,,1,,,98950,"Patek Philippe",,,"https://pachaoflondon.com/wp-content/uploads/2025/04/Photoroom_20250403_133118.jpg, https://pachaoflondon.com/wp-content/uploads/2025/04/Photoroom_20250403_133118.jpg, https://pachaoflondon.com/wp-content/uploads/2025/04/Photoroom_20250403_133217.jpg, https://pachaoflondon.com/wp-content/uploads/2025/04/Photoroom_20250403_133243.jpg",,,,,,,,,0,,"Stainless steel, travel time, chronograph, 40.5mm, grey dial",field_586a50d32fdc2,5990/1A,field_586bc3c6214bc,,field_586bc3e2214bd,Watch,field_58752651bb382,Pre-owned,field_587526d8bb384,"1 (mint)",field_586bc400214be,Yes,field_5873b9289d99a,Yes,field_5873b92d9d99b,Men’s,field_586bc406214bf,"Knightsbridge, London",field_586bc413214c0,"2017 ",field_586bb3707b79a,Immediately,field_5873b849ba10d,,field_587526abbb383,Automatic,field_586bc437214c2,,field_5873d1f749c2b,,field_5873d20849c2c,,field_5873d21249c2d,Steel,field_586bc452214c4,Steel,field_586bc45d214c5,,field_586bc469214c6,"Double-fold clasp",field_586bc477214c7,"stainless steel ",field_586bc488214c8,Steel,field_586bc49b214ca,40.5,field_586b745e69a7d,,field_586bc4ad214cb,"stainless steel ",field_586bc4b5214cc,"Sapphire Glass",field_586bc4c4214cd,Grey,field_586bc4ce214ce,"No numerals",field_5873d2a341247,,field_586bc4dd214d0,,field_586bc4f2214d2,10,90,28929072693403456,,,,,,,,,,,,,,,,,,,,,,,,,,,,,,,yes,yes,,product,,,,,,,,,,,,,,,,,,,,,,,,,,,,,,,,,,,,28929073783403347,1,,,,,0,,,,,"Patek Philippe Nautilus. Ref: 5990/1A. 40.5mm case size. Grey dial. Excellent condition. Complete box & papers dated, 2017. Knightsbridge. ",,,,,,,
8821,simple,,,"Santos Demoiselle",1,0,visible,,"Cartier Santos demoiselle.\n\nRef:WF9011Z8.\n\n18k rose gold with factory set round brilliant cut diamonds.\n\n20 x 28mm case size.\n\nYear 2015 era.\n\nBox and one year warranty.\n\nKnightsbridge London showroom.\n\n&nbsp;",,,taxable,,1,,,0,0,,,,,1,,,13450,Cartier,,,"https://pachaoflondon.com/wp-content/uploads/2025/05/Photoroom_20250728_172600.jpg, https://pachaoflondon.com/wp-content/uploads/2025/05/Photoroom_20250728_172600.jpg, https://pachaoflondon.com/wp-content/uploads/2025/05/Photoroom_20250522_145312.jpg",,,,,,,,,0,,"18k rose gold, diamonds, small size, quartz ",field_586a50d32fdc2,WF9011Z8,field_586bc3c6214bc,,field_586bc3e2214bd,Watch,field_58752651bb382,Pre-owned,field_587526d8bb384,"1 (mint)",field_586bc400214be,Yes,field_5873b9289d99a,No,field_5873b92d9d99b,Women’s,field_586bc406214bf,"Knightsbridge, London",field_586bc413214c0,,field_586bb3707b79a,Immediately,field_5873b849ba10d,,field_587526abbb383,Quartz,field_586bc437214c2,,field_5873d1f749c2b,,field_5873d20849c2c,,field_5873d21249c2d,"Pink Gold",field_586bc452214c4,Pink,field_586bc45d214c5,,field_586bc469214c6,"Double-fold clasp",field_586bc477214c7,"18k rose gold ",field_586bc488214c8,"Pink gold",field_586bc49b214ca,28,field_586b745e69a7d,,field_586bc4ad214cb,"18k rose gold ",field_586bc4b5214cc,,field_586bc4c4214cd,White,field_586bc4ce214ce,"Roman numerals",field_5873d2a341247,,field_586bc4dd214d0,,field_586bc4f2214d2,12,90,24461292436793571,,,,,,,,,,,,,,,,,,,,,,,,,,,,,,,yes,yes,,product,,,,,,,,,,,,,,,,,,,,,,,,,,,,,,,,,,,,24461293090126839,1,,,,,0,,,,,"Cartier Santos Demoiselle. Ref: WF9011Z8. 18k rose gold.brilliant cut diamonds.Year 2015 Era. Knightsbridge, London.",,,,,,,
8825,simple,,,Date,1,0,visible,,"Rolex Oyster perpetual date.\n\nRef: 15038.\n\n18k yellow gold on leather.\n\nNavy baton dial.\n\nYear 1980's.\n\nKnightsbridge, London.",,,taxable,,1,,,0,0,,,,,1,,,7950,Rolex,,,"https://pachaoflondon.com/wp-content/uploads/2025/05/Photoroom_20250522_144825.jpg, https://pachaoflondon.com/wp-content/uploads/2025/05/Photoroom_20250522_144825.jpg, https://pachaoflondon.com/wp-content/uploads/2025/05/Photoroom_20250522_144958.jpg",,,,,,,,,0,,"18k yellow gold, leather strap, 34mm, automatic movement, date ",field_586a50d32fdc2,15038,field_586bc3c6214bc,,field_586bc3e2214bd,,field_58752651bb382,New,field_587526d8bb384,"1 (mint)",field_586bc400214be,Yes,field_5873b9289d99a,No,field_5873b92d9d99b,Women’s,field_586bc406214bf,"Knightsbridge, London",field_586bc413214c0,1989,field_586bb3707b79a,Immediately,field_5873b849ba10d,,field_587526abbb383,Automatic,field_586bc437214c2,,field_5873d1f749c2b,,field_5873d20849c2c,,field_5873d21249c2d,Leather,field_586bc452214c4,Black,field_586bc45d214c5,,field_586bc469214c6,Buckle,field_586bc477214c7,"18k yellow gold",field_586bc488214c8,"Yellow gold",field_586bc49b214ca,34,field_586b745e69a7d,,field_586bc4ad214cb,"yellow gold ",field_586bc4b5214cc,"Sapphire Glass",field_586bc4c4214cd,Blue,field_586bc4ce214ce,"No numerals",field_5873d2a341247,,field_586bc4dd214d0,,field_586bc4f2214d2,8,90,9956043147790899,,,,,,,,,,,,,,,,,,,,,,,,,,,,,,,yes,yes,,product,,,,,,,,,,,,,,,,,,,,,,,,,,,,,,,,,,,,9956043834457497,1,,,,,0,,,,,"Rolex Oyster perpetual date. Ref: 15038. 18k yellow gold on leather. Navy baton dial. Year 1980's. Knightsbridge, London. ",,,,,,,
8852,simple,,,"Tiffany solitaire",1,0,visible,,"Tiffany solitaire collection ring.\n\n1.07ct round brilliant cut.\n\nG colour.\n\nVs1 clarity.\n\nPlatinum mount.\n\n6 claws.\n\nPlease call in store and book an appointment for viewing.",,,taxable,,1,,,0,0,,,,,1,,,12950,"Branded Jewellery, Branded Jewellery > Tiffany",,,"https://pachaoflondon.com/wp-content/uploads/2025/06/Photoroom_20250606_114844.jpg, https://pachaoflondon.com/wp-content/uploads/2025/06/Photoroom_20250606_114844.jpg, https://pachaoflondon.com/wp-content/uploads/2025/06/Photoroom_20250606_114930.jpg, https://pachaoflondon.com/wp-content/uploads/2025/06/Photoroom_20250606_115012.jpg, https://pachaoflondon.com/wp-content/uploads/2025/06/Photoroom_20250606_115325.jpg",,,,,,,,,0,,"Round brilliant cut, 1.07ct, Solitaire collection, 6 claws, platinum mount ",field_586a50d32fdc2,"Solitaire ",field_586bc3c6214bc,,field_586bc3e2214bd,,field_58752651bb382,Pre-owned,field_587526d8bb384,"1 (mint)",field_586bc400214be,Yes,field_5873b9289d99a,,field_5873b92d9d99b,,field_586bc406214bf,"Knightsbridge, London ",field_586bc413214c0,,field_586bb3707b79a,Immediately,field_5873b849ba10d,,field_587526abbb383,,field_586bc437214c2,,field_5873d1f749c2b,,field_5873d20849c2c,,field_5873d21249c2d,,field_586bc452214c4,,field_586bc45d214c5,,field_586bc469214c6,,field_586bc477214c7,,field_586bc488214c8,,field_586bc49b214ca,,field_586b745e69a7d,,field_586bc4ad214cb,,field_586bc4b5214cc,,field_586bc4c4214cd,,field_586bc4ce214ce,,field_5873d2a341247,,field_586bc4dd214d0,,field_586bc4f2214d2,60,90,9618847908242822,,,,,,,,,,,,,,,,,,,,,,,,,,,,,,,yes,yes,,product,,,,,,,,,,,,,,,,,,,,,,,,,,,,,,,,,,,,9618848651576081,1,,,,,0,,,,,"Tiffany solitaire collection ring. 1.07ct round brilliant cut. G colour.Vs1 clarity. Platinum.",,,,,,,
8858,simple,,,"Tiffany full eternity",1,0,visible,,"Tiffany full eternity diamond ring.\n\nRRP: £11,800.\n\nMilgrain setting.\n\nApprox 2.20ct.\n\nRound brilliant cut diamonds.\n\nPlatinum setting.\n\nSize M.\n\n&nbsp;",,,taxable,,1,,,0,0,,,,,1,,,5950,"Branded Jewellery, Branded Jewellery > Tiffany",,,"https://pachaoflondon.com/wp-content/uploads/2025/06/Photoroom_20250606_123801-1.jpg, https://pachaoflondon.com/wp-content/uploads/2025/06/Photoroom_20250606_123801-1.jpg, https://pachaoflondon.com/wp-content/uploads/2025/06/Photoroom_20250606_115945.jpg, https://pachaoflondon.com/wp-content/uploads/2025/06/Photoroom_20250606_114600.jpg, https://pachaoflondon.com/wp-content/uploads/2025/06/Photoroom_20250606_114718.jpg",,,,,,,,,0,,"grain setting, round brilliant cut natural diamonds, platinum ",field_586a50d32fdc2,,field_586bc3c6214bc,,field_586bc3e2214bd,,field_58752651bb382,New,field_587526d8bb384,"1 (mint)",field_586bc400214be,Yes,field_5873b9289d99a,,field_5873b92d9d99b,,field_586bc406214bf,"Knightsbridge, London ",field_586bc413214c0,,field_586bb3707b79a,Immediately,field_5873b849ba10d,,field_587526abbb383,,field_586bc437214c2,,field_5873d1f749c2b,,field_5873d20849c2c,,field_5873d21249c2d,,field_586bc452214c4,,field_586bc45d214c5,,field_586bc469214c6,,field_586bc477214c7,,field_586bc488214c8,,field_586bc49b214ca,,field_586b745e69a7d,,field_586bc4ad214cb,,field_586bc4b5214cc,,field_586bc4c4214cd,,field_586bc4ce214ce,,field_5873d2a341247,,field_586bc4dd214d0,,field_586bc4f2214d2,60,90,9917781251673112,,,,,,,,,,,,,,,,,,,,,,,,,,,,,,,yes,yes,,product,,,,,,,,,,,,,,,,,,,,,,,,,,,,,,,,,,,,9917781775006393,1,,,,,0,,,,,"Tiffany full eternity diamond ring.RRP: £11,800. Milgrain setting.Approx 2.20ct. Round brilliant cut diamonds. Platinum setting. Size M. ",,,,,,,
8870,simple,,,"Kelly Depeches 25",1,0,visible,,"Hermes Kelly Depeches 25.\n\nBlack epsom leather.\n\nPalladium hardware.\n\nNew-unworn 2024.\n\nBox and dust bag available.\n\nContact us for viewing.\n\nKnightsbridge, London.",,,taxable,,1,,,0,0,,,,,1,,,9950,"Hermes > Hermes bags",,,"https://pachaoflondon.com/wp-content/uploads/2025/06/Photoroom_20250610_124450.jpg, https://pachaoflondon.com/wp-content/uploads/2025/06/Photoroom_20250610_124450.jpg",,,,,,,,,0,,,field_586a50d32fdc2,"Kelly Dépêches ",field_586bc3c6214bc,,field_586bc3e2214bd,,field_58752651bb382,New,field_587526d8bb384,"0 (new/unworn)",field_586bc400214be,Yes,field_5873b9289d99a,,field_5873b92d9d99b,,field_586bc406214bf,"Knightsbridge, London ",field_586bc413214c0,2024,field_586bb3707b79a,Immediately,field_5873b849ba10d,,field_587526abbb383,,field_586bc437214c2,,field_5873d1f749c2b,,field_5873d20849c2c,,field_5873d21249c2d,,field_586bc452214c4,,field_586bc45d214c5,,field_586bc469214c6,,field_586bc477214c7,,field_586bc488214c8,,field_586bc49b214ca,,field_586b745e69a7d,,field_586bc4ad214cb,,field_586bc4b5214cc,,field_586bc4c4214cd,,field_586bc4ce214ce,,field_5873d2a341247,,field_586bc4dd214d0,,field_586bc4f2214d2,76,90,10076069129106087,,,,,,,,,,,,,,,,,,,,,,,,,,,,,,,yes,yes,,product,,,,,,,,,,,,,,,,,,,,,,,,,,,,,,,,,,,,10076069902439343,1,,,,,0,,,,,"Hermes Kelly Depeches 25. Black epsom leather. Palladium hardware. New-unworn 2024. Box and dust bag available. Knightsbridge, London. ",,,,,,,
8872,simple,,,"Kelly Elan 28",1,0,visible,,"Hermes Kelly Elan 28.\n\n-New release-\n\nColour: Dark Grey.\n\nMaterial: Chèvre Chamkila goatskin.\n\nMeasurements – 28cm, 17cm, 3.5cm.\n\nPalladium hardware.\n\nNew-unworn 2024.\n\nIncludes shoulder strap.\n\nKnightsbridge, London.\n\n&nbsp;",,,taxable,,1,,,0,0,,,,,1,,,12950,"Hermes > Hermes bags",,,"https://pachaoflondon.com/wp-content/uploads/2025/06/Photoroom_20250610_124511-1.jpg, https://pachaoflondon.com/wp-content/uploads/2025/06/Photoroom_20250610_124511-1.jpg, https://pachaoflondon.com/wp-content/uploads/2025/06/Photoroom_20250610_124805.jpg",,,,,,,,,0,,,field_586a50d32fdc2,"Kelly Elan ",field_586bc3c6214bc,,field_586bc3e2214bd,,field_58752651bb382,New,field_587526d8bb384,"0 (new/unworn)",field_586bc400214be,Yes,field_5873b9289d99a,,field_5873b92d9d99b,,field_586bc406214bf,"Knightsbridge, London ",field_586bc413214c0,2024,field_586bb3707b79a,Immediately,field_5873b849ba10d,,field_587526abbb383,,field_586bc437214c2,,field_5873d1f749c2b,,field_5873d20849c2c,,field_5873d21249c2d,,field_586bc452214c4,,field_586bc45d214c5,,field_586bc469214c6,,field_586bc477214c7,,field_586bc488214c8,,field_586bc49b214ca,,field_586b745e69a7d,,field_586bc4ad214cb,,field_586bc4b5214cc,,field_586bc4c4214cd,,field_586bc4ce214ce,,field_5873d2a341247,,field_586bc4dd214d0,,field_586bc4f2214d2,76,90,23871398332472109,,,,,,,,,,,,,,,,,,,,,,,,,,,,,,,yes,yes,,product,,,,,,,,,,,,,,,,,,,,,,,,,,,,,,,,,,,,23871398832472059,1,,,,,0,,,,,"Hermes Kelly Elan 28. -New release-Colour: Grey. Material: Chèvre Chamkila goatskin. Palladium hardware. New-unworn 2024. Knightsbridge, London. ",,,,,,,
8886,simple,,,Datejust,1,0,visible,,"Rolex Datejust.\n\nRef: 116201.\n\nSteel and rose gold, oyster bracelet.\n\nRose diamond dial.\n\n36mm case size.\n\nComplete box and papers dated 2015.\n\nLocated in Knightsbridge, London.",,,taxable,,1,,,0,0,,,,,1,,,9950,Rolex,,,"https://pachaoflondon.com/wp-content/uploads/2025/06/Photoroom_20250618_155407.jpg, https://pachaoflondon.com/wp-content/uploads/2025/06/Photoroom_20250618_155407.jpg, https://pachaoflondon.com/wp-content/uploads/2025/06/Photoroom_20250618_155725.jpg",,,,,,,,,0,,,field_586a50d32fdc2,"116201 ",field_586bc3c6214bc,,field_586bc3e2214bd,Watch,field_58752651bb382,Pre-owned,field_587526d8bb384,"1 (mint)",field_586bc400214be,Yes,field_5873b9289d99a,Yes,field_5873b92d9d99b,Men’s,field_586bc406214bf,"knightsbridge, London ",field_586bc413214c0,"2015 ",field_586bb3707b79a,Immediately,field_5873b849ba10d,,field_587526abbb383,Automatic,field_586bc437214c2,,field_5873d1f749c2b,,field_5873d20849c2c,,field_5873d21249c2d,Gold/Steel,field_586bc452214c4,Gold/Steel,field_586bc45d214c5,,field_586bc469214c6,"Fold clasp",field_586bc477214c7,"steel and rose gold ",field_586bc488214c8,Gold/Steel,field_586bc49b214ca,36,field_586b745e69a7d,,field_586bc4ad214cb,"rose gold ",field_586bc4b5214cc,"Sapphire Glass",field_586bc4c4214cd,Pink,field_586bc4ce214ce,"No numerals",field_5873d2a341247,,field_586bc4dd214d0,,field_586bc4f2214d2,8,90,23874360145507698,,,,,,,,,,,,,,,,,,,,,,,,,,,,,,,yes,yes,,product,,,,,,,,,,,,,,,,,,,,,,,,,,,,,,,,,,,,23874360508840995,1,,,,,0,,,,,"Rolex Datejust. Ref: 116201. Steel and rose gold, Rose diamond dial. 36mm case size. Complete box and papers dated 2015. Knightsbridge, London. ",,,,,,,
8899,simple,,,"Submariner meter first",1,0,visible,,"Rolex submariner-meter first.\n\nVintage timepiece from 1970's.\n\nModel Number: 1680.\n\n40mm case size.\n\nAvailable in store, please call for details.\n\n£POA",,,taxable,,1,,,0,0,,,,,1,,,,Rolex,,,"https://pachaoflondon.com/wp-content/uploads/2025/06/Photoroom_20250619_151158-2.jpg, https://pachaoflondon.com/wp-content/uploads/2025/06/Photoroom_20250619_151158-2.jpg, https://pachaoflondon.com/wp-content/uploads/2025/06/Photoroom_20250619_151233.jpg",,,,,,,,,0,,,field_586a50d32fdc2,1680,field_586bc3c6214bc,,field_586bc3e2214bd,Watch,field_58752651bb382,Pre-owned,field_587526d8bb384,"2 (fine)",field_586bc400214be,Yes,field_5873b9289d99a,No,field_5873b92d9d99b,,field_586bc406214bf,"Knightsbridge, London ",field_586bc413214c0,1970,field_586bb3707b79a,,field_5873b849ba10d,,field_587526abbb383,Automatic,field_586bc437214c2,,field_5873d1f749c2b,,field_5873d20849c2c,,field_5873d21249c2d,Steel,field_586bc452214c4,Steel,field_586bc45d214c5,,field_586bc469214c6,"Double-fold clasp",field_586bc477214c7,"stainless steel ",field_586bc488214c8,Steel,field_586bc49b214ca,40,field_586b745e69a7d,,field_586bc4ad214cb,,field_586bc4b5214cc,Plexiglas,field_586bc4c4214cd,Black,field_586bc4ce214ce,"No numerals",field_5873d2a341247,,field_586bc4dd214d0,,field_586bc4f2214d2,8,90,29873156868998886,,,,,,,,,,,,,,,,,,,,,,,,,,,,,,,yes,yes,,product,,,,,,,,,,,,,,,,,,,,,,,,,,,,,,,,,,,,29873157645665475,1,,,,,0,,,,,"Rolex submariner Vintage-meter first. Vintage timepiece from 1970's. Model Number: 1680. 40mm case size. Available in store, please call for details. £POA",,,,,,,
8905,simple,,,"Rare Submariner-cream patina",1,0,visible,,"Rare Rolex submariner.\n\nVintage cream patina dial.\n\nRef:5513.\n\nComplete box and papers dated 1979.\n\nAvailable in store, enquire today for details.\n\n£POA",,,taxable,,1,,,0,0,,,,,1,,,,Rolex,,,"https://pachaoflondon.com/wp-content/uploads/2025/06/Photoroom_20250619_150258.jpg, https://pachaoflondon.com/wp-content/uploads/2025/06/Photoroom_20250619_150258.jpg, https://pachaoflondon.com/wp-content/uploads/2025/06/Photoroom_20250619_150342-1.jpg",,,,,,,,,0,,,field_586a50d32fdc2,5513,field_586bc3c6214bc,,field_586bc3e2214bd,Watch,field_58752651bb382,Pre-owned,field_587526d8bb384,"2 (fine)",field_586bc400214be,Yes,field_5873b9289d99a,Yes,field_5873b92d9d99b,Men’s,field_586bc406214bf,"knightsbridge, London ",field_586bc413214c0,"1979 ",field_586bb3707b79a,Immediately,field_5873b849ba10d,,field_587526abbb383,Automatic,field_586bc437214c2,,field_5873d1f749c2b,,field_5873d20849c2c,,field_5873d21249c2d,Steel,field_586bc452214c4,Steel,field_586bc45d214c5,,field_586bc469214c6,"Double-fold clasp",field_586bc477214c7,"stainless steel ",field_586bc488214c8,Steel,field_586bc49b214ca,40,field_586b745e69a7d,,field_586bc4ad214cb,,field_586bc4b5214cc,Plexiglas,field_586bc4c4214cd,Black,field_586bc4ce214ce,"No numerals",field_5873d2a341247,,field_586bc4dd214d0,,field_586bc4f2214d2,8,90,24040244392273622,,,,,,,,,,,,,,,,,,,,,,,,,,,,,,,yes,yes,,product,,,,,,,,,,,,,,,,,,,,,,,,,,,,,,,,,,,,24040244955606899,1,,,,,0,,,,,"Rare Rolex submariner. Vintage cream patina dial. Ref:5513. Complete box and papers dated 1979. Available in store, enquire today for details. £POA",,,,,,,
8918,simple,,,"Cosmograph Daytona",1,0,visible,,"Rolex Cosmograph Daytona.\n\nRef: 116500LN\n\nWhite dial-ceramic bezel.\n\n40mm case size, stainless steel.\n\nComplete box &amp; papers dated 2017.\n\nKnightsbridge, London.",,,taxable,,1,,,0,0,,,,,1,,,22950,Rolex,,,"https://pachaoflondon.com/wp-content/uploads/2025/07/Photoroom_20250702_135251.jpeg, https://pachaoflondon.com/wp-content/uploads/2025/07/Photoroom_20250702_135251.jpeg",,,,,,,,,0,,,field_586a50d32fdc2,"116500LN ",field_586bc3c6214bc,,field_586bc3e2214bd,Watch,field_58752651bb382,Pre-owned,field_587526d8bb384,"1 (mint)",field_586bc400214be,Yes,field_5873b9289d99a,Yes,field_5873b92d9d99b,Men’s,field_586bc406214bf,"Knightsbridge, London",field_586bc413214c0,"2017 ",field_586bb3707b79a,Immediately,field_5873b849ba10d,,field_587526abbb383,Automatic,field_586bc437214c2,,field_5873d1f749c2b,,field_5873d20849c2c,,field_5873d21249c2d,Steel,field_586bc452214c4,Steel,field_586bc45d214c5,,field_586bc469214c6,"Double-fold clasp",field_586bc477214c7,"Stainless steel ",field_586bc488214c8,Steel,field_586bc49b214ca,40,field_586b745e69a7d,,field_586bc4ad214cb,"ceramic ",field_586bc4b5214cc,"Sapphire Glass",field_586bc4c4214cd,White,field_586bc4ce214ce,"No numerals",field_5873d2a341247,,field_586bc4dd214d0,,field_586bc4f2214d2,8,90,9446981625401663,,,,,,,,,,,,,,,,,,,,,,,,,,,,,,,yes,yes,,product,,,,,,,,,,,,,,,,,,,,,,,,,,,,,,,,,,,,9446982125401613,1,,,,,0,,,,,"Rolex Cosmograph Daytona.Ref: 116500LN White dial-ceramic bezel. 40mm case size, stainless steel. Complete box & papers dated 2017. Knightsbridge, London. ",,,,,,,
8920,simple,,,"Love bracelet",1,0,visible,,"Cartier Love bangle-classic.\n\nRef: B6067417.\n\nRRP:£7050.\n\nSize: 19.\n\n18k rose gold.\n\nVery good condition.\n\nBox and screw included.\n\nKnightsbridge, London.\n\n&nbsp;\n\n&nbsp;",,,taxable,,1,,,0,0,,,,,1,,,4950,"Branded Jewellery, Branded Jewellery > Cartier",,,"https://pachaoflondon.com/wp-content/uploads/2025/07/Photoroom_20250702_131501.jpg, https://pachaoflondon.com/wp-content/uploads/2025/07/Photoroom_20250702_131501.jpg, https://pachaoflondon.com/wp-content/uploads/2025/07/Photoroom_20250702_131708.jpg",,,,,,,,,0,,,field_586a50d32fdc2,B6067417,field_586bc3c6214bc,,field_586bc3e2214bd,,field_58752651bb382,Pre-owned,field_587526d8bb384,"1 (mint)",field_586bc400214be,Yes,field_5873b9289d99a,No,field_5873b92d9d99b,Unisex,field_586bc406214bf,"knightsbridge, London",field_586bc413214c0,,field_586bb3707b79a,Immediately,field_5873b849ba10d,,field_587526abbb383,,field_586bc437214c2,,field_5873d1f749c2b,,field_5873d20849c2c,,field_5873d21249c2d,"Pink Gold",field_586bc452214c4,Pink,field_586bc45d214c5,,field_586bc469214c6,,field_586bc477214c7,,field_586bc488214c8,,field_586bc49b214ca,,field_586b745e69a7d,,field_586bc4ad214cb,,field_586bc4b5214cc,,field_586bc4c4214cd,,field_586bc4ce214ce,,field_5873d2a341247,,field_586bc4dd214d0,,field_586bc4f2214d2,60,90,24599261932991195,,,,,,,,,,,,,,,,,,,,,,,,,,,,,,,yes,yes,,product,,,,,,,,,,,,,,,,,,,,,,,,,,,,,,,,,,,,24599262326324489,1,,,,,0,,,,,"Cartier Love bangle-classic. Ref: B6067417.RRP:£7050. Size: 19. 18k rose gold. Very good condition. Box and screw included. Knightsbridge, London. ",,,,,,,
8926,simple,,,"Love bracelet",1,0,visible,,"Cartier love bracelet.\n\nRRP: £4550.\n\n18k rose gold.\n\nSmall model.\n\nSize: 19.\n\nComplete box &amp; papers dated, 2019.\n\nKnightsbridge, London.",,,taxable,,1,,,0,0,,,,,1,,,3500,"Branded Jewellery, Branded Jewellery > Cartier",,,"https://pachaoflondon.com/wp-content/uploads/2025/07/Photoroom_20250702_152120.jpg, https://pachaoflondon.com/wp-content/uploads/2025/07/Photoroom_20250702_152120.jpg, https://pachaoflondon.com/wp-content/uploads/2025/07/Photoroom_20250702_152206.jpg, https://pachaoflondon.com/wp-content/uploads/2025/07/Photoroom_20250702_152308.jpg",,,,,,,,,0,,,field_586a50d32fdc2,B6079017,field_586bc3c6214bc,,field_586bc3e2214bd,,field_58752651bb382,New,field_587526d8bb384,"1 (mint)",field_586bc400214be,Yes,field_5873b9289d99a,Yes,field_5873b92d9d99b,Unisex,field_586bc406214bf,"knightsbridge, London",field_586bc413214c0,2019,field_586bb3707b79a,Immediately,field_5873b849ba10d,,field_587526abbb383,,field_586bc437214c2,,field_5873d1f749c2b,,field_5873d20849c2c,,field_5873d21249c2d,,field_586bc452214c4,,field_586bc45d214c5,,field_586bc469214c6,,field_586bc477214c7,,field_586bc488214c8,,field_586bc49b214ca,,field_586b745e69a7d,,field_586bc4ad214cb,,field_586bc4b5214cc,,field_586bc4c4214cd,,field_586bc4ce214ce,,field_5873d2a341247,,field_586bc4dd214d0,,field_586bc4f2214d2,60,90,24152736261010255,,,,,,,,,,,,,,,,,,,,,,,,,,,,,,,yes,yes,,product,,,,,,,,,,,,,,,,,,,,,,,,,,,,,,,,,,,,24152736971010184,1,,,,,0,,,,,"Cartier love bracelet.RRP: £4550.18k rose gold. Small model. Size: 19. Complete box & papers dated, 2019. Knightsbridge, London. ",,,,,,,
8948,simple,,,"Ballon bleu",1,0,visible,,"Cartier Ballon bleu.\n\nRef:W69011Z4\n\nStainless steel.\n\n36mm case size.\n\nAutomatic wrist movement.\n\nBox and warranty available.\n\nKnightsbridge, London.",,,taxable,,1,,,0,0,,,,,1,,,4500,Cartier,,,"https://pachaoflondon.com/wp-content/uploads/2025/07/Photoroom_20250717_133516.jpg, https://pachaoflondon.com/wp-content/uploads/2025/07/Photoroom_20250717_133516-1.jpg",,,,,,,,,0,,,field_586a50d32fdc2,W69011Z4,field_586bc3c6214bc,,field_586bc3e2214bd,Watch,field_58752651bb382,Pre-owned,field_587526d8bb384,"1 (mint)",field_586bc400214be,Yes,field_5873b9289d99a,No,field_5873b92d9d99b,Men’s,field_586bc406214bf,"Knightsbridge, London",field_586bc413214c0,,field_586bb3707b79a,Immediately,field_5873b849ba10d,,field_587526abbb383,Automatic,field_586bc437214c2,,field_5873d1f749c2b,,field_5873d20849c2c,,field_5873d21249c2d,Steel,field_586bc452214c4,Steel,field_586bc45d214c5,,field_586bc469214c6,"Double-fold clasp",field_586bc477214c7,"stainless steel ",field_586bc488214c8,Steel,field_586bc49b214ca,36,field_586b745e69a7d,,field_586bc4ad214cb,"stainless steel ",field_586bc4b5214cc,"Sapphire Glass",field_586bc4c4214cd,White,field_586bc4ce214ce,"Roman numerals",field_5873d2a341247,,field_586bc4dd214d0,,field_586bc4f2214d2,12,90,24527132426893005,,,,,,,,,,,,,,,,,,,,,,,,,,,,,,,yes,yes,,product,,,,,,,,,,,,,,,,,,,,,,,,,,,,,,,,,,,,24527132763559638,1,,,,,0,,,,,"Cartier Ballon bleu. Ref:W69011Z4Stainless steel. 36mm case size. Automatic wrist movement. Box and warranty available. Knightsbridge, London. ",,,,,,,
8951,simple,,,Datejust,1,0,visible,,"Rolex datejust.\n\nRef: 68278.\n\n36mm case size.\n\n18k yellow gold.\n\nPresident bracelet.\n\nBox and warranty.\n\nKnightsbridge, London.",,,taxable,,1,,,0,0,,,,,1,,,14950,Rolex,,,"https://pachaoflondon.com/wp-content/uploads/2025/07/Photoroom_20250717_133611.jpg, https://pachaoflondon.com/wp-content/uploads/2025/07/Photoroom_20250717_133611.jpg",,,,,,,,,0,,,field_586a50d32fdc2,68278,field_586bc3c6214bc,,field_586bc3e2214bd,Watch,field_58752651bb382,Pre-owned,field_587526d8bb384,"1 (mint)",field_586bc400214be,Yes,field_5873b9289d99a,No,field_5873b92d9d99b,Unisex,field_586bc406214bf,"knightsbridge, London",field_586bc413214c0,1995,field_586bb3707b79a,Immediately,field_5873b849ba10d,,field_587526abbb383,Automatic,field_586bc437214c2,,field_5873d1f749c2b,,field_5873d20849c2c,,field_5873d21249c2d,"Yellow Gold",field_586bc452214c4,Yellow,field_586bc45d214c5,,field_586bc469214c6,"Fold clasp",field_586bc477214c7,"18k yellow gold ",field_586bc488214c8,"Yellow gold",field_586bc49b214ca,31,field_586b745e69a7d,,field_586bc4ad214cb,"18k fluted ",field_586bc4b5214cc,"Sapphire Glass",field_586bc4c4214cd,White,field_586bc4ce214ce,"Roman numerals",field_5873d2a341247,,field_586bc4dd214d0,,field_586bc4f2214d2,8,90,23974443752166094,,,,,,,,,,,,,,,,,,,,,,,,,,,,,,,yes,yes,,product,,,,,,,,,,,,,,,,,,,,,,,,,,,,,,,,,,,,23974444738832662,1,,,,,0,,,,,"Rolex datejust. Ref: 68278. 36mm case size. 18k yellow gold. President bracelet. Knightsbridge, London. ",,,,,,,
8953,simple,,,"Gmt-master II",1,0,visible,,"Rolex Gmt-master II.\n\nRef: 16713.\n\nSteel and yellow gold.\n\nJubilee bracelet.\n\n1990's era.\n\nBox and warranty.\n\nKnightsbridge, London.\n\n&nbsp;",,,taxable,,1,,,0,0,,,,,1,,,12500,Rolex,,,"https://pachaoflondon.com/wp-content/uploads/2025/07/Photoroom_20250717_133654.jpg, https://pachaoflondon.com/wp-content/uploads/2025/07/Photoroom_20250717_133654.jpg",,,,,,,,,0,,,field_586a50d32fdc2,16713,field_586bc3c6214bc,,field_586bc3e2214bd,Watch,field_58752651bb382,Pre-owned,field_587526d8bb384,"1 (mint)",field_586bc400214be,Yes,field_5873b9289d99a,No,field_5873b92d9d99b,Men’s,field_586bc406214bf,"Knightsbridge, London ",field_586bc413214c0,1990,field_586bb3707b79a,Immediately,field_5873b849ba10d,,field_587526abbb383,Automatic,field_586bc437214c2,,field_5873d1f749c2b,,field_5873d20849c2c,,field_5873d21249c2d,Gold/Steel,field_586bc452214c4,Gold/Steel,field_586bc45d214c5,,field_586bc469214c6,"Fold clasp",field_586bc477214c7,"Stainless steel ",field_586bc488214c8,Gold/Steel,field_586bc49b214ca,40,field_586b745e69a7d,,field_586bc4ad214cb,"yellow gold ",field_586bc4b5214cc,"Sapphire Glass",field_586bc4c4214cd,Black,field_586bc4ce214ce,"No numerals",field_5873d2a341247,,field_586bc4dd214d0,,field_586bc4f2214d2,8,90,8410673045723388,,,,,,,,,,,,,,,,,,,,,,,,,,,,,,,yes,yes,,product,,,,,,,,,,,,,,,,,,,,,,,,,,,,,,,,,,,,8410673395723353,1,,,,,0,,,,,"Rolex Gmt-master II. Ref: 16713.Steel and yellow gold. Jubilee bracelet. 1990's era. Box and warranty. Knightsbridge, London. ",,,,,,,
8970,simple,,,"Tank anglaise",1,0,visible,,"Cartier tank anglaise.\n\nRef:W5310037.\n\nSteel and rose gold.\n\n30mm case size.\n\nAutomatic wrist movement.\n\nBox and warranty.\n\nKnightsbridge, London.",,,taxable,,1,,,0,0,,,,,1,,,6450,Cartier,,,"https://pachaoflondon.com/wp-content/uploads/2025/07/Photoroom_20250717_133544.jpg, https://pachaoflondon.com/wp-content/uploads/2025/07/Photoroom_20250717_133544.jpg",,,,,,,,,0,,,field_586a50d32fdc2,W5310037,field_586bc3c6214bc,,field_586bc3e2214bd,,field_58752651bb382,Pre-owned,field_587526d8bb384,"1 (mint)",field_586bc400214be,Yes,field_5873b9289d99a,No,field_5873b92d9d99b,Men’s,field_586bc406214bf,"knightsbridge, London ",field_586bc413214c0,,field_586bb3707b79a,Immediately,field_5873b849ba10d,,field_587526abbb383,Automatic,field_586bc437214c2,,field_5873d1f749c2b,,field_5873d20849c2c,,field_5873d21249c2d,Gold/Steel,field_586bc452214c4,Gold/Steel,field_586bc45d214c5,,field_586bc469214c6,"Double-fold clasp",field_586bc477214c7,"Stainless steel ",field_586bc488214c8,Gold/Steel,field_586bc49b214ca,30,field_586b745e69a7d,,field_586bc4ad214cb,"stainless steel ",field_586bc4b5214cc,"Sapphire Glass",field_586bc4c4214cd,Silver,field_586bc4ce214ce,"Roman numerals",field_5873d2a341247,,field_586bc4dd214d0,,field_586bc4f2214d2,12,90,30994152670197982,,,,,,,,,,,,,,,,,,,,,,,,,,,,,,,yes,yes,,product,,,,,,,,,,,,,,,,,,,,,,,,,,,,,,,,,,,,30994154103531172,1,,,,,0,,,,,"Cartier tank anglaise.Ref:W5310037. Steel and rose gold. 30mm case size. Automatic wrist movement. Box and warranty. Knightsbridge, London. ",,,,,,,
8984,simple,,,Chronomat,1,0,visible,,"Breitling-Chronomat.\n\nRef:A323983B1C1A1.\n\n40mm case size.\n\nLimited edition, limited to 200 pieces.\n\nMiddle Eastern edition.\n\nTeal dial.\n\nBox and papers, dated 2025.\n\nKnightsbridge, London.\n\n&nbsp;",,,taxable,,1,,,0,0,,,,,1,,,8750,Breitling,,,"https://pachaoflondon.com/wp-content/uploads/2025/07/Photoroom_20250728_145758.jpg, https://pachaoflondon.com/wp-content/uploads/2025/07/Photoroom_20250728_145758.jpg",,,,,,,,,0,,"Limited to 200 pieces, middle Eastern edition, teal dial, 40mm case size ",field_586a50d32fdc2,A323983B1C1A1,field_586bc3c6214bc,,field_586bc3e2214bd,Watch,field_58752651bb382,Pre-owned,field_587526d8bb384,"1 (mint)",field_586bc400214be,Yes,field_5873b9289d99a,Yes,field_5873b92d9d99b,Men’s,field_586bc406214bf,"Knightsbridge, London",field_586bc413214c0,"2025 ",field_586bb3707b79a,Immediately,field_5873b849ba10d,,field_587526abbb383,Automatic,field_586bc437214c2,,field_5873d1f749c2b,,field_5873d20849c2c,,field_5873d21249c2d,Steel,field_586bc452214c4,Steel,field_586bc45d214c5,,field_586bc469214c6,"Double-fold clasp",field_586bc477214c7,"stainless steel ",field_586bc488214c8,Steel,field_586bc49b214ca,40,field_586b745e69a7d,,field_586bc4ad214cb,"stainless steel ",field_586bc4b5214cc,,field_586bc4c4214cd,,field_586bc4ce214ce,"Arabic numerals",field_5873d2a341247,,field_586bc4dd214d0,,field_586bc4f2214d2,16,90,24078611211795644,,,,,,,,,,,,,,,,,,,,,,,,,,,,,,,yes,yes,,product,,,,,,,,,,,,,,,,,,,,,,,,,,,,,,,,,,,,24078611711795594,1,,,,,0,,,,,"Breitling-Chronomat. Ref:A323983B1C1A1. 40mm case size. Limited edition, limited to 200 pieces. Middle Eastern edition. Teal dial. Knightsbridge, London. ",,,,,,,
8987,simple,,,"Oyster perpetual",1,0,visible,,"Rolex, Oyster perpetual.\n\nRef: 6567.\n\nAutomatic wrist movement.\n\n31mm case size, 18k rose gold.\n\nRare-Brick style bracelet.\n\nKnightsbridge, London.\n\n&nbsp;",,,taxable,,1,,,0,0,,,,,1,,,16500,Rolex,,,"https://pachaoflondon.com/wp-content/uploads/2025/07/Photoroom_20250728_174903.jpg, https://pachaoflondon.com/wp-content/uploads/2025/07/Photoroom_20250728_174903.jpg",,,,,,,,,0,,"31mm, rose gold, brick style bracelet, automatic wrist movement, Era: 1960's ",field_586a50d32fdc2,6567,field_586bc3c6214bc,,field_586bc3e2214bd,Watch,field_58752651bb382,Pre-owned,field_587526d8bb384,"2 (fine)",field_586bc400214be,Yes,field_5873b9289d99a,No,field_5873b92d9d99b,Women’s,field_586bc406214bf,"Knightsbridge, London",field_586bc413214c0,1960,field_586bb3707b79a,Immediately,field_5873b849ba10d,,field_587526abbb383,Automatic,field_586bc437214c2,,field_5873d1f749c2b,,field_5873d20849c2c,,field_5873d21249c2d,"Pink Gold",field_586bc452214c4,Pink,field_586bc45d214c5,,field_586bc469214c6,"Fold clasp",field_586bc477214c7,"rose gold ",field_586bc488214c8,"Pink gold",field_586bc49b214ca,31,field_586b745e69a7d,,field_586bc4ad214cb,"rose gold ",field_586bc4b5214cc,Plexiglas,field_586bc4c4214cd,Gold,field_586bc4ce214ce,"No numerals",field_5873d2a341247,,field_586bc4dd214d0,,field_586bc4f2214d2,8,90,24108460968803692,,,,,,,,,,,,,,,,,,,,,,,,,,,,,,,yes,yes,,product,,,,,,,,,,,,,,,,,,,,,,,,,,,,,,,,,,,,24108461685470287,1,,,,,0,,,,,"Rolex, Oyster perpetual. Ref: 6567. Automatic wrist movement. 31mm case size, 18k rose gold. Rare-Brick style bracelet. Knightsbridge, London. ",,,,,,,
9029,simple,,,"Day-date 36",1,0,visible,,"Rolex day-date 36.\n\nRef: 118235.\n\n18k rose gold, president bracelet.\n\nFerrite diamond dial.\n\nComplete box and papers, dated 2016.\n\nKnightsbridge, London.",,,taxable,,1,,,0,0,,,,,1,,,29950,Rolex,,,"https://pachaoflondon.com/wp-content/uploads/2025/09/Photoroom_20250908_164058-2.jpg, https://pachaoflondon.com/wp-content/uploads/2025/09/Photoroom_20250908_164058-2.jpg",,,,,,,,,0,,"Ferrite dial, 18k rose gold, 36mm, fluted bezel, automatic ",field_586a50d32fdc2,118235,field_586bc3c6214bc,,field_586bc3e2214bd,Watch,field_58752651bb382,Pre-owned,field_587526d8bb384,"1 (mint)",field_586bc400214be,Yes,field_5873b9289d99a,Yes,field_5873b92d9d99b,Men’s,field_586bc406214bf,"Knightsbridge, London",field_586bc413214c0,2016,field_586bb3707b79a,Immediately,field_5873b849ba10d,,field_587526abbb383,,field_586bc437214c2,,field_5873d1f749c2b,,field_5873d20849c2c,,field_5873d21249c2d,,field_586bc452214c4,,field_586bc45d214c5,,field_586bc469214c6,,field_586bc477214c7,,field_586bc488214c8,,field_586bc49b214ca,,field_586b745e69a7d,,field_586bc4ad214cb,,field_586bc4b5214cc,,field_586bc4c4214cd,,field_586bc4ce214ce,,field_5873d2a341247,,field_586bc4dd214d0,,field_586bc4f2214d2,8,90,1322148705968462,,,,,,,,,,,,,,,,,,,,,,,,,,,,,,,yes,yes,,product,,,,,,,,,,,,,,,,,,,,,,,,,,,,,,,,,,,,32180917218174435,1,,,,,0,,,,,"Rolex day-date 36.Ref: 118235.18k rose gold, president bracelet. Ferrite diamond dial. Complete box and papers, dated 2016. Knightsbridge, London. ",,,,,,,
9032,simple,,,"Explorer II",1,0,visible,,"Rolex explorer II.\n\nRef: 216570.\n\nStainless steel, 42mm case size.\n\nAutomatic wrist movement.\n\nComplete box and papers, dated 2021.\n\nKnightsbridge, London.",,,taxable,,1,,,0,0,,,,,1,,,8850,Rolex,,,"https://pachaoflondon.com/wp-content/uploads/2025/09/Photoroom_20250908_165727.jpg, https://pachaoflondon.com/wp-content/uploads/2025/09/Photoroom_20250908_165727.jpg, https://pachaoflondon.com/wp-content/uploads/2025/09/Photoroom_20250908_165823.jpg",,,,,,,,,0,,"42mm, stainless steel, automatic, black dial, 2021 model ",field_586a50d32fdc2,216570,field_586bc3c6214bc,,field_586bc3e2214bd,Watch,field_58752651bb382,Pre-owned,field_587526d8bb384,"1 (mint)",field_586bc400214be,Yes,field_5873b9289d99a,Yes,field_5873b92d9d99b,,field_586bc406214bf,"Knightsbridge, London",field_586bc413214c0,2021,field_586bb3707b79a,Immediately,field_5873b849ba10d,,field_587526abbb383,Automatic,field_586bc437214c2,,field_5873d1f749c2b,,field_5873d20849c2c,,field_5873d21249c2d,Steel,field_586bc452214c4,Steel,field_586bc45d214c5,,field_586bc469214c6,"Double-fold clasp",field_586bc477214c7,"stainless steel ",field_586bc488214c8,Steel,field_586bc49b214ca,42,field_586b745e69a7d,,field_586bc4ad214cb,"stainless steel ",field_586bc4b5214cc,,field_586bc4c4214cd,Black,field_586bc4ce214ce,,field_5873d2a341247,,field_586bc4dd214d0,,field_586bc4f2214d2,8,90,658498370140774,,,,,,,,,,,,,,,,,,,,,,,,,,,,,,,yes,yes,,product,,,,,,,,,,,,,,,,,,,,,,,,,,,,,,,,,,,,24340866532206660,1,,,,,0,,,,,"Rolex explorer II. Ref: 216570. Stainless steel, 42mm case size. Automatic wrist movement. Complete box and papers, dated 2021. Knightsbridge, London. ",,,,,,,
9039,simple,,,"Gmt-Master II",1,0,visible,,"Rolex Gmt-master II.\n\nRef:126710GRNR.\n\n40mm case size.\n\nStainless steel, New-unworn, year 2025.\n\nKnightsbridge, London.\n\n&nbsp;\n\n&nbsp;",,,taxable,,1,,,0,0,,,,,1,,,15500,Rolex,,,"https://pachaoflondon.com/wp-content/uploads/2025/09/Photoroom_20250911_150238.jpg, https://pachaoflondon.com/wp-content/uploads/2025/09/Photoroom_20250911_150238.jpg",,,,,,,,,0,,"'Bruce Wayne', stainless steel, ceramic bezel, 40mm, new-2025, Oyster bracelet ",field_586a50d32fdc2,126710GRNR,field_586bc3c6214bc,,field_586bc3e2214bd,Watch,field_58752651bb382,New,field_587526d8bb384,"0 (new/unworn)",field_586bc400214be,Yes,field_5873b9289d99a,Yes,field_5873b92d9d99b,Men’s,field_586bc406214bf,"Knightsbridge, London",field_586bc413214c0,"2025 ",field_586bb3707b79a,Immediately,field_5873b849ba10d,,field_587526abbb383,Automatic,field_586bc437214c2,,field_5873d1f749c2b,,field_5873d20849c2c,,field_5873d21249c2d,Steel,field_586bc452214c4,Steel,field_586bc45d214c5,,field_586bc469214c6,"Double-fold clasp",field_586bc477214c7,"stainless steel ",field_586bc488214c8,Steel,field_586bc49b214ca,40,field_586b745e69a7d,,field_586bc4ad214cb,"ceramic ",field_586bc4b5214cc,"Sapphire Glass",field_586bc4c4214cd,Black,field_586bc4ce214ce,"No numerals",field_5873d2a341247,,field_586bc4dd214d0,,field_586bc4f2214d2,8,90,24411375838522909,,,,,,,,,,,,,,,,,,,,,,,,,,,,,,,yes,yes,,product,,,,,,,,,,,,,,,,,,,,,,,,,,,,,,,,,,,,24717664927863695,1,,,,,0,,,,,"Rolex Gmt-master II. Ref:126710GRNR. 40mm case size. Stainless steel, New-unworn, year 2025. Knightsbridge, London. ",,,,,,,
9044,simple,,,Deepsea,1,0,visible,,"Rolex Deep sea, sea-dweller.\n\nRef: 116660.\n\nStainless steel, 44mm case size.\n\nComplete box &amp; papers, year 2016.\n\nKnightsbridge, London.\n\n&nbsp;\n\n&nbsp;\n\n&nbsp;",,,taxable,,1,,,0,0,,,,,1,,,10000,Rolex,,,"https://pachaoflondon.com/wp-content/uploads/2025/09/Photoroom_20250911_150329.jpg, https://pachaoflondon.com/wp-content/uploads/2025/09/Photoroom_20250911_150329.jpg",,,,,,,,,0,,"44mm, ceramic bezel, stainless steel, black dial",field_586a50d32fdc2,116660,field_586bc3c6214bc,,field_586bc3e2214bd,Watch,field_58752651bb382,Pre-owned,field_587526d8bb384,"1 (mint)",field_586bc400214be,Yes,field_5873b9289d99a,Yes,field_5873b92d9d99b,Men’s,field_586bc406214bf,"Knightsbridge, London",field_586bc413214c0,2016,field_586bb3707b79a,Immediately,field_5873b849ba10d,,field_587526abbb383,Automatic,field_586bc437214c2,,field_5873d1f749c2b,,field_5873d20849c2c,,field_5873d21249c2d,Steel,field_586bc452214c4,Steel,field_586bc45d214c5,,field_586bc469214c6,"Double-fold clasp",field_586bc477214c7,"stainless steel ",field_586bc488214c8,Steel,field_586bc49b214ca,44,field_586b745e69a7d,,field_586bc4ad214cb,"ceramic ",field_586bc4b5214cc,"Sapphire Glass",field_586bc4c4214cd,Black,field_586bc4ce214ce,"No numerals",field_5873d2a341247,,field_586bc4dd214d0,,field_586bc4f2214d2,8,90,764860452918928,,,,,,,,,,,,,,,,,,,,,,,,,,,,,,,yes,yes,,product,,,,,,,,,,,,,,,,,,,,,,,,,,,,,,,,,,,,24177197545286742,1,,,,,0,,,,,"Rolex Deep sea, sea-dweller. Ref: 116660. Stainless steel, 44mm case size. Complete box & papers, year 2016. Knightsbridge, London.",,,,,,,
9081,simple,,,"Grand complications minute repeater",1,0,visible,,"Patek Philippe, Grand complications rose gold minute repeater Tourbillon.\n\nRef: 5303R-001\n\nDetails:\n\nManual winding\n\nMinute repeater with chime on two classic gongs\n\nTourbillon\n\nSmall seconds\n\nBlack hour circle with minute markers printed in white and golden powdered dots. White gold skeletonized leaf-shaped hands, black varnished.\n\n18k rose gold case and fold over clasp.\n\nBlack leather strap.\n\nBox and archive dated 2015.\n\n42mm case size.\n\nLocation: Knightsbridge, London.\n\nContact us via telephone on: 02074302799\n\nWhatsApp us on: +447999993330",,,taxable,,1,,,0,0,,,,,1,,,895000,"Patek Philippe",,,"https://pachaoflondon.com/wp-content/uploads/2025/10/Photoroom_20251006_171658.jpg, https://pachaoflondon.com/wp-content/uploads/2025/10/Photoroom_20251006_171658.jpg, https://pachaoflondon.com/wp-content/uploads/2025/10/66c584e2-8429-4ff7-972d-1a125348b514-2.jpg, https://pachaoflondon.com/wp-content/uploads/2025/10/Photoroom_20251006_171921.jpg, https://pachaoflondon.com/wp-content/uploads/2025/10/Photoroom_20251006_172124.jpg",,,,,,,,,0,,"Rose gold, minute repeater, Tourbillon, 42mm, Chime ",field_586a50d32fdc2,5303R-001,field_586bc3c6214bc,,field_586bc3e2214bd,Watch,field_58752651bb382,Pre-owned,field_587526d8bb384,"1 (mint)",field_586bc400214be,Yes,field_5873b9289d99a,Yes,field_5873b92d9d99b,Men’s,field_586bc406214bf,"Knightsbridge, London ",field_586bc413214c0,2015,field_586bb3707b79a,Immediately,field_5873b849ba10d,,field_587526abbb383,Automatic,field_586bc437214c2,,field_5873d1f749c2b,,field_5873d20849c2c,,field_5873d21249c2d,Leather,field_586bc452214c4,Black,field_586bc45d214c5,,field_586bc469214c6,"Fold clasp",field_586bc477214c7,"18k rose gold ",field_586bc488214c8,"Pink gold",field_586bc49b214ca,42,field_586b745e69a7d,,field_586bc4ad214cb,"rose gold ",field_586bc4b5214cc,"Sapphire Glass",field_586bc4c4214cd,,field_586bc4ce214ce,,field_5873d2a341247,,field_586bc4dd214d0,,field_586bc4f2214d2,10,90,4645005785725971,,,,,,,,,,,,,,,,,,,,,,,,,,,,,,,yes,yes,,product,,,,,,,,,,,,,,,,,,,,,,,,,,,,,,,,,,,,24089544940720713,1,,,,,0,,,,,"Patek Philippe, Grand complications rose gold minute repeater Tourbillon.Ref: 5303R-001. Available now-call us on 02074302799/+7999993330. Knightsbridge.",,,,,,,
9104,simple,,,"J12 white ceramic",1,0,visible,,"Chanel J12.\n\nRef: H1008.\n\nWhite Ceramic, 41mm case size.\n\nChronograph movement.\n\nDouble row round brilliant cut bezel.\n\nAutomatic wrist movement.\n\nBox and warranty.\n\nAvailable now.",,,taxable,,1,,,0,0,,,,,1,,,6250,"Watches > Chanel",,,"https://pachaoflondon.com/wp-content/uploads/2025/10/Photoroom_20251029_150808.jpg, https://pachaoflondon.com/wp-content/uploads/2025/10/Photoroom_20251029_150808.jpg",,,,,,,,,0,,"41mm, white ceramic, chronograph, round brilliant cut diamond bezel",field_586a50d32fdc2,"H1008 ",field_586bc3c6214bc,,field_586bc3e2214bd,Watch,field_58752651bb382,Pre-owned,field_587526d8bb384,"1 (mint)",field_586bc400214be,Yes,field_5873b9289d99a,No,field_5873b92d9d99b,Unisex,field_586bc406214bf,"Knightsbridge, London",field_586bc413214c0,,field_586bb3707b79a,Immediately,field_5873b849ba10d,,field_587526abbb383,Automatic,field_586bc437214c2,,field_5873d1f749c2b,,field_5873d20849c2c,,field_5873d21249c2d,Ceramic,field_586bc452214c4,White,field_586bc45d214c5,,field_586bc469214c6,"Double-fold clasp",field_586bc477214c7,"white ceramic ",field_586bc488214c8,Ceramic,field_586bc49b214ca,41,field_586b745e69a7d,,field_586bc4ad214cb,"stainless steel with diamonds ",field_586bc4b5214cc,"Sapphire Glass",field_586bc4c4214cd,White,field_586bc4ce214ce,"Arabic numerals",field_5873d2a341247,,field_586bc4dd214d0,,field_586bc4f2214d2,19,90,810596108246034,,,,,,,,,,,,,,,,,,,,,,,,,,,,,,,yes,yes,,product,,,,,,,,,,,,,,,,,,,,,,,,,,,,,,,,,,,,25139332515734770,1,,,,,0,,,,,"Chanel J12. Ref: H1008. White Ceramic, 41mm case size. Chronograph movement. Double row round brilliant cut bezel. Automatic wrist movement. ",,,,,,,
9112,simple,,,Aquanaut,1,0,visible,,"Patek Philippe Aquanaut.\n\nRef: 5087/1A.\n\nQuartz movement.\n\n35.2mm case size, stainless steel with round brilliant cut diamonds on the bezel.\n\nComplete box and papers.\n\nKnightsbridge, London.\n\nWhatsApp: +447999993330.",,,taxable,,1,,,0,0,,,,,1,,,35000,"Patek Philippe",,,"https://pachaoflondon.com/wp-content/uploads/2025/11/Photoroom_20251112_151205.jpg, https://pachaoflondon.com/wp-content/uploads/2025/11/Photoroom_20251112_151205.jpg, https://pachaoflondon.com/wp-content/uploads/2025/11/Photoroom_20251112_151054.jpg",,,,,,,,,0,,"35.2mm, quartz, stainless steel, black dial, round brilliant cut diamonds",field_586a50d32fdc2,5087/1A-001,field_586bc3c6214bc,,field_586bc3e2214bd,Watch,field_58752651bb382,Pre-owned,field_587526d8bb384,"1 (mint)",field_586bc400214be,Yes,field_5873b9289d99a,Yes,field_5873b92d9d99b,Unisex,field_586bc406214bf,"Knightsbridge, London ",field_586bc413214c0,,field_586bb3707b79a,Immediately,field_5873b849ba10d,,field_587526abbb383,Quartz,field_586bc437214c2,,field_5873d1f749c2b,,field_5873d20849c2c,,field_5873d21249c2d,Steel,field_586bc452214c4,Steel,field_586bc45d214c5,,field_586bc469214c6,"Double-fold clasp",field_586bc477214c7,"stainless steel ",field_586bc488214c8,Steel,field_586bc49b214ca,35.2,field_586b745e69a7d,,field_586bc4ad214cb,"diamonds ",field_586bc4b5214cc,,field_586bc4c4214cd,Black,field_586bc4ce214ce,"No numerals",field_5873d2a341247,,field_586bc4dd214d0,,field_586bc4f2214d2,10,90,2009090236553936,,,,,,,,,,,,,,,,,,,,,,,,,,,,,,,yes,yes,,product,,,,,,,,,,,,,,,,,,,,,,,,,,,,,,,,,,,,25336201062664503,1,,,,,0,,,,,"Patek Philippe Aquanaut. Ref: 5087/1A. Quartz. 35.2mm case size, stainless steel with round brilliant cut diamonds. Knightsbridge, London.WhatsApp; +447999993330. ",,,,,,,
9115,simple,,,"Birkin 30",1,0,visible,,"Hermes Birkin 35.\n\nColormatic-special edition.\n\nColour: Ardoise.\n\nHardware: Gold.\n\nMaterial: Swift leather.\n\nAvailable in store-Knightsbridge, London.\n\nWhatsapp: +447999993330.",,,taxable,,1,,,0,0,,,,,1,,,27850,"Hermes, Hermes > Hermes bags",,,"https://pachaoflondon.com/wp-content/uploads/2025/11/Photoroom_20251112_151635.jpg, https://pachaoflondon.com/wp-content/uploads/2025/11/Photoroom_20251112_151635.jpg",,,,,,,,,0,,"Colormatic, special edition, gold hardware, new-2025, Colour; Ardoise ",field_586a50d32fdc2,"Birkin 30 ",field_586bc3c6214bc,,field_586bc3e2214bd,,field_58752651bb382,New,field_587526d8bb384,"0 (new/unworn)",field_586bc400214be,Yes,field_5873b9289d99a,Yes,field_5873b92d9d99b,Women’s,field_586bc406214bf,"knightsbridge, London ",field_586bc413214c0,"2025 ",field_586bb3707b79a,Immediately,field_5873b849ba10d,,field_587526abbb383,,field_586bc437214c2,,field_5873d1f749c2b,,field_5873d20849c2c,,field_5873d21249c2d,,field_586bc452214c4,,field_586bc45d214c5,,field_586bc469214c6,,field_586bc477214c7,,field_586bc488214c8,,field_586bc49b214ca,,field_586b745e69a7d,,field_586bc4ad214cb,,field_586bc4b5214cc,,field_586bc4c4214cd,,field_586bc4ce214ce,,field_5873d2a341247,,field_586bc4dd214d0,,field_586bc4f2214d2,76,90,1293445175800536,,,,,,,,,,,,,,,,,,,,,,,,,,,,,,,yes,yes,,product,,,,,,,,,,,,,,,,,,,,,,,,,,,,,,,,,,,,25245222798444943,1,,,,,0,,,,,"Hermes Birkin 30. Colormatic-special edition. Colour: Ardoise. Hardware: Gold. Material: Swift leather. Available in store-Knightsbridge, London. Whatsapp: +447999993330. ",,,,,,,
9140,simple,,,"Serpenti Seduttori",1,0,visible,,"Bvlgari Serpenti Seduttori.\n\nRef: 103945.\n\nStainless steel and rose gold.\n\n33mm case size.\n\nRound brilliant cut diamond bezel.\n\nComplete box and papers, dated 2022.\n\nRrp: £13,300/Our price: £9750\n\nAvailable now-Knightsbridge London.\n\n&nbsp;",,,taxable,,1,,,0,0,,,,,1,,,9750,"Watches > Bvlgari",,,"https://pachaoflondon.com/wp-content/uploads/2025/12/Photoroom_20251206_164955.jpg, https://pachaoflondon.com/wp-content/uploads/2025/12/Photoroom_20251206_164955.jpg",,,,,,,,,0,,,field_586a50d32fdc2,103945,field_586bc3c6214bc,,field_586bc3e2214bd,Watch,field_58752651bb382,Pre-owned,field_587526d8bb384,"1 (mint)",field_586bc400214be,Yes,field_5873b9289d99a,Yes,field_5873b92d9d99b,Women’s,field_586bc406214bf,"Knightsbridge, London",field_586bc413214c0,2022,field_586bb3707b79a,Immediately,field_5873b849ba10d,,field_587526abbb383,Quartz,field_586bc437214c2,,field_5873d1f749c2b,,field_5873d20849c2c,,field_5873d21249c2d,Gold/Steel,field_586bc452214c4,Gold/Steel,field_586bc45d214c5,,field_586bc469214c6,"Fold clasp, hidden",field_586bc477214c7,"Stainless steel and rose gold ",field_586bc488214c8,Gold/Steel,field_586bc49b214ca,33,field_586b745e69a7d,,field_586bc4ad214cb,"rose gold and diamonds ",field_586bc4b5214cc,,field_586bc4c4214cd,White,field_586bc4ce214ce,,field_5873d2a341247,,field_586bc4dd214d0,,field_586bc4f2214d2,26,90,1931398257722138,,,,,,,,,,,,,,,,,,,,,,,,,,,,,,,yes,yes,,product,,,,,,,,,,,,,,,,,,,,,,,,,,,,,,,,,,,,25264400523211372,1,,,,,0,,,,,"Bvlgari Serpenti Seduttori. Ref: 103945.Complete box and papers, dated 2022. Rrp: £13,300/Our price: £9750. Knightsbridge London.  ",,,,,,,
9143,simple,,,"Annual calendar",1,0,visible,,"Patek Philippe-Annual calendar.\n\nRef: 5396R-015.\n\n18k rose gold on a blue leather strap.\n\nNavy baguette diamond dial.\n\nComplete box and papers dated 2022.\n\nAvailable in our showroom at Knightsbridge, London.",,,taxable,,1,,,0,0,,,,,1,,,39950,"Patek Philippe",,,"https://pachaoflondon.com/wp-content/uploads/2025/12/Photoroom_20251213_152354.jpg, https://pachaoflondon.com/wp-content/uploads/2025/12/Photoroom_20251213_152354.jpg",,,,,,,,,0,,,field_586a50d32fdc2,5396R-015,field_586bc3c6214bc,,field_586bc3e2214bd,Watch,field_58752651bb382,Pre-owned,field_587526d8bb384,"1 (mint)",field_586bc400214be,Yes,field_5873b9289d99a,Yes,field_5873b92d9d99b,,field_586bc406214bf,"Knightsbridge, London",field_586bc413214c0,2022,field_586bb3707b79a,,field_5873b849ba10d,,field_587526abbb383,Automatic,field_586bc437214c2,,field_5873d1f749c2b,,field_5873d20849c2c,,field_5873d21249c2d,Leather,field_586bc452214c4,,field_586bc45d214c5,,field_586bc469214c6,Buckle,field_586bc477214c7,"rose gold ",field_586bc488214c8,"Pink gold",field_586bc49b214ca,38.5,field_586b745e69a7d,,field_586bc4ad214cb,"rose gold ",field_586bc4b5214cc,,field_586bc4c4214cd,Blue,field_586bc4ce214ce,"No numerals",field_5873d2a341247,,field_586bc4dd214d0,,field_586bc4f2214d2,10,90,1178879937785615,,,,,,,,,,,,,,,,,,,,,,,,,,,,,,,yes,yes,,product,,,,,,,,,,,,,,,,,,,,,,,,,,,,,,,,,,,,25147681014858864,1,,,,,0,,,,,"Patek Philippe Annual calendar. Ref: 5396R-015. Baguette diamond dial. Complete box and papers dated 2022. Knightsbridge, London. ",,,,,,,
